Row,Date,Time,Level,Temperature,pH,Conductivity,Flow,DO
0,05/23/21,05:14:59,8.4,23.3,7.59,800,16,0
1,05/23/21,05:15:59,8.3,23.4,7.59,800,15,0
2,05/23/21,05:16:59,8.3,23.4,7.59,801,15,0
3,05/23/21,05:17:59,8.4,23.4,7.59,800,16,0
4,05/23/21,05:18:59,8.3,23.4,7.59,800,15,0
5,05/23/21,05:19:59,8.4,23.4,7.59,799,16,0
6,05/23/21,05:20:59,8.4,23.5,7.59,800,16,0
7,05/23/21,05:21:59,8.4,23.4,7.56,800,16,0
8,05/23/21,05:22:59,8.4,23.2,7.56,800,16,0
9,05/23/21,05:23:59,8.4,23,7.59,800,16,0
10,05/23/21,05:24:59,8.4,23,7.59,798,16,0
11,05/23/21,05:25:59,8.4,23.2,7.59,800,16,0
12,05/23/21,05:26:59,8.4,23.3,7.62,801,16,0
13,05/23/21,05:27:59,8.4,23.3,7.61,802,16,0
14,05/23/21,05:28:59,8.4,23.4,7.62,802,16,0
15,05/23/21,05:29:59,8.4,23.4,7.62,802,16,0
16,05/23/21,05:30:59,8.4,23.4,7.62,802,16,0
17,05/23/21,05:31:59,8.4,23.4,7.62,804,16,0
18,05/23/21,05:32:59,8.4,23.4,7.62,804,16,0
19,05/23/21,05:33:59,8.4,23.5,7.62,804,16,0
20,05/23/21,05:35:00,8.4,23.4,7.62,804,15,0
21,05/23/21,05:35:59,8.4,23.1,7.62,802,16,0
22,05/23/21,05:36:59,8.4,23,7.62,802,15,0
23,05/23/21,05:37:59,8.4,23,7.64,801,16,0
24,05/23/21,05:39:00,8.4,23.2,7.64,802,16,0
25,05/23/21,05:39:59,8.4,23.3,7.65,804,16,0
26,05/23/21,05:40:59,8.3,23.3,7.64,804,15,0
27,05/23/21,05:42:00,8.2,23.4,7.65,804,16,0
28,05/23/21,05:43:00,8.2,23.4,7.64,804,15,0
29,05/23/21,05:43:59,8.2,23.4,7.62,802,15,0
30,05/23/21,05:45:00,8.2,23.4,7.62,802,15,0
31,05/23/21,05:46:00,8.2,23.4,7.62,802,16,0
32,05/23/21,05:46:59,8.2,23.4,7.62,802,15,0
33,05/23/21,05:48:00,8.2,23.4,7.62,801,16,0
34,05/23/21,05:49:00,8.2,23.1,7.62,800,16,0
35,05/23/21,05:49:59,8.2,23,7.62,798,16,0
36,05/23/21,05:51:00,8.2,23.1,7.62,798,16,0
37,05/23/21,05:52:00,8.3,23.2,7.62,798,16,0
38,05/23/21,05:53:00,8.2,23.3,7.62,800,16,0
39,05/23/21,05:54:00,8.2,23.3,7.62,800,16,0
40,05/23/21,05:55:00,8.2,23.3,7.62,799,15,0
41,05/23/21,05:56:00,8.2,23.4,7.62,800,16,0
42,05/23/21,05:57:00,8.2,23.4,7.62,800,16,0
43,05/23/21,05:58:00,8.2,23.4,7.62,800,16,0
44,05/23/21,05:59:00,8.2,23.4,7.59,798,15,0
45,05/23/21,06:00:00,8.3,23.4,7.59,798,16,0
46,05/23/21,06:01:00,8.3,23.4,7.59,798,15,0
47,05/23/21,06:02:00,8.3,23.4,7.59,798,16,0
48,05/23/21,06:03:00,8.3,23.2,7.59,797,15,0
49,05/23/21,06:04:00,8.3,23,7.59,795,15,0
50,05/23/21,06:05:00,8.3,22.9,7.59,795,15,0
51,05/23/21,06:06:00,8.4,23.2,7.59,795,15,0
52,05/23/21,06:07:00,8.4,23.2,7.59,797,15,0
53,05/23/21,06:08:00,8.4,23.3,7.59,798,16,0
54,05/23/21,06:09:00,8.4,23.4,7.59,797,15,0
55,05/23/21,06:10:00,8.4,23.4,7.59,798,15,0
56,05/23/21,06:11:00,8.4,23.4,7.59,798,15,0
57,05/23/21,06:12:00,8.4,23.4,7.59,798,15,0
58,05/23/21,06:13:00,8.4,23.4,7.59,798,16,0
59,05/23/21,06:14:00,8.4,23.4,7.59,799,15,0
60,05/23/21,06:15:00,8.4,23.4,7.59,798,16,0
61,05/23/21,06:16:00,8.4,23.2,7.59,798,15,0
62,05/23/21,06:17:00,8.4,23,7.59,797,15,0
63,05/23/21,06:18:00,8.4,23,7.59,795,16,0
64,05/23/21,06:19:00,8.4,23.2,7.59,798,15,0
65,05/23/21,06:20:00,8.4,23.3,7.59,800,15,0
66,05/23/21,06:21:00,8.4,23.3,7.59,799,16,0
67,05/23/21,06:22:00,8.5,23.4,7.59,800,15,0
68,05/23/21,06:23:00,8.4,23.4,7.59,800,16,0
69,05/23/21,06:24:00,8.4,23.4,7.59,800,16,0
70,05/23/21,06:25:00,8.4,23.4,7.59,800,16,0
71,05/23/21,06:26:00,8.4,23.4,7.59,800,16,0
72,05/23/21,06:27:01,8.4,23.4,7.59,800,16,0
73,05/23/21,06:28:00,8.4,23.4,7.59,798,16,0
74,05/23/21,06:29:00,8.4,23.2,7.59,798,15,0
75,05/23/21,06:30:01,8.4,23,7.59,798,15,0
76,05/23/21,06:31:00,8.4,23,7.59,795,16,0
77,05/23/21,06:32:00,8.4,23.2,7.59,797,15,0
78,05/23/21,06:33:01,8.4,23.3,7.59,798,15,0
79,05/23/21,06:34:00,8.4,23.3,7.59,798,15,0
80,05/23/21,06:35:00,8.4,23.4,7.59,800,16,0
81,05/23/21,06:36:01,8.4,23.4,7.59,800,15,0
82,05/23/21,06:37:00,8.4,23.4,7.59,800,15,0
83,05/23/21,06:38:00,8.5,23.4,7.59,800,15,0
84,05/23/21,06:39:01,8.4,23.4,7.59,800,15,0
85,05/23/21,06:40:01,8.4,23.5,7.59,800,15,0
86,05/23/21,06:41:00,8.4,23.4,7.56,800,15,0
87,05/23/21,06:42:01,8.5,23.1,7.56,798,16,0
88,05/23/21,06:43:01,8.5,23,7.59,798,15,0
89,05/23/21,06:44:01,8.4,23,7.59,798,15,0
90,05/23/21,06:45:00,8.5,23.2,7.59,798,15,0
91,05/23/21,06:46:01,8.5,23.3,7.59,801,16,0
92,05/23/21,06:47:01,8.5,23.3,7.61,803,15,0
93,05/23/21,06:48:01,8.5,23.4,7.62,801,16,0
94,05/23/21,06:49:01,8.5,23.4,7.62,802,15,0
95,05/23/21,06:50:01,8.5,23.4,7.62,802,15,0
96,05/23/21,06:51:01,8.5,23.4,7.62,804,16,0
97,05/23/21,06:52:01,8.4,23.4,7.62,804,15,0
98,05/23/21,06:53:01,8.5,23.5,7.62,804,15,0
99,05/23/21,06:54:01,8.4,23.4,7.62,802,16,0
100,05/23/21,06:55:01,8.5,23.1,7.62,803,16,0
101,05/23/21,06:56:01,8.5,23,7.62,801,16,0
102,05/23/21,06:57:01,8.5,23,7.64,800,16,0
103,05/23/21,06:58:01,8.5,23.2,7.64,801,15,0
104,05/23/21,06:59:01,8.5,23.3,7.65,802,16,0
105,05/23/21,07:00:01,8.5,23.3,7.65,804,16,0
106,05/23/21,07:01:01,8.5,23.4,7.65,805,16,0
107,05/23/21,07:02:01,8.5,23.4,7.65,803,16,0
108,05/23/21,07:03:01,8.5,23.4,7.62,804,16,0
109,05/23/21,07:04:01,8.5,23.4,7.62,804,15,0
110,05/23/21,07:05:01,8.5,23.4,7.62,802,16,0
111,05/23/21,07:06:01,8.5,23.5,7.62,802,16,0
112,05/23/21,07:07:01,8.5,23.4,7.62,802,15,0
113,05/23/21,07:08:01,8.5,23.1,7.62,800,15,0
114,05/23/21,07:09:01,8.5,23,7.62,799,15,0
115,05/23/21,07:10:01,8.5,23,7.61,800,16,0
116,05/23/21,07:11:01,8.5,23.2,7.62,801,16,0
117,05/23/21,07:12:01,8.5,23.3,7.62,802,16,0
118,05/23/21,07:13:01,8.5,23.3,7.62,802,15,0
119,05/23/21,07:14:01,8.5,23.4,7.62,802,15,0
120,05/23/21,07:15:01,8.5,23.4,7.62,802,16,0
121,05/23/21,07:16:01,8.5,23.4,7.62,804,15,0
122,05/23/21,07:17:01,8.5,23.4,7.62,802,15,0
123,05/23/21,07:18:01,8.5,23.4,7.62,802,16,0
124,05/23/21,07:19:01,8.5,23.5,7.62,802,16,0
125,05/23/21,07:20:01,8.5,23.3,7.59,802,16,0
126,05/23/21,07:21:01,8.3,23.1,7.59,800,16,0
127,05/23/21,07:22:02,8.2,23,7.59,800,16,0
128,05/23/21,07:23:01,8.2,23,7.62,800,15,0
129,05/23/21,07:24:01,8.1,23.2,7.62,801,16,0
130,05/23/21,07:25:02,8.1,23.3,7.62,802,15,0
131,05/23/21,07:26:01,8.1,23.3,7.62,803,16,0
132,05/23/21,07:27:01,8.1,23.4,7.62,802,16,0
133,05/23/21,07:28:02,8.2,23.4,7.62,802,16,0
134,05/23/21,07:29:02,8.1,23.4,7.62,800,16,0
135,05/23/21,07:30:01,8.1,23.4,7.59,799,16,0
136,05/23/21,07:31:02,8.1,23.4,7.59,801,16,0
137,05/23/21,07:32:02,8.1,23.4,7.59,800,15,0
138,05/23/21,07:33:01,8.2,23.4,7.59,800,15,0
139,05/23/21,07:34:02,8.1,23.4,7.59,800,16,0
140,05/23/21,07:35:02,8.1,23.2,7.59,800,15,0
141,05/23/21,07:36:01,8.1,23,7.59,797,16,0
142,05/23/21,07:37:02,8.1,22.9,7.59,796,15,0
143,05/23/21,07:38:02,8.1,23.1,7.59,797,15,0
144,05/23/21,07:39:02,8.1,23.2,7.59,797,16,0
145,05/23/21,07:40:02,8.2,23.3,7.59,798,16,0
146,05/23/21,07:41:02,8.2,23.3,7.59,798,16,0
147,05/23/21,07:42:02,8.3,23.4,7.59,798,15,0
148,05/23/21,07:43:02,8.3,23.4,7.59,798,15,0
149,05/23/21,07:44:02,8.3,23.4,7.59,798,15,0
150,05/23/21,07:45:02,8.3,23.4,7.59,800,15,0
151,05/23/21,07:46:02,8.3,23.4,7.59,798,15,0
152,05/23/21,07:47:02,8.3,23.5,7.59,798,16,0
153,05/23/21,07:48:02,8.3,23.2,7.59,798,15,0
154,05/23/21,07:49:02,8.3,23,7.59,798,16,0
155,05/23/21,07:50:02,8.3,22.9,7.59,797,15,0
156,05/23/21,07:51:02,8.3,23.1,7.59,797,15,0
157,05/23/21,07:52:02,8.3,23.2,7.59,798,16,0
158,05/23/21,07:53:02,8.3,23.3,7.59,800,16,0
159,05/23/21,07:54:02,8.3,23.4,7.59,800,15,0
160,05/23/21,07:55:02,8.3,23.4,7.59,800,15,0
161,05/23/21,07:56:02,8.3,23.4,7.59,800,16,0
162,05/23/21,07:57:02,8.3,23.4,7.59,800,15,0
163,05/23/21,07:58:02,8.4,23.4,7.59,800,15,0
164,05/23/21,07:59:02,8.3,23.5,7.59,800,15,0
165,05/23/21,08:00:02,8.3,23.4,7.59,801,16,0
166,05/23/21,08:01:02,8.3,23.2,7.59,798,15,0
167,05/23/21,08:02:02,8.3,23,7.59,798,15,0
168,05/23/21,08:03:02,8.3,23,7.59,797,16,0
169,05/23/21,08:04:02,8.3,23.2,7.59,798,16,0
170,05/23/21,08:05:02,8.3,23.3,7.59,799,16,0
171,05/23/21,08:06:02,8.4,23.3,7.62,801,16,0
172,05/23/21,08:07:02,8.4,23.4,7.62,802,16,0
173,05/23/21,08:08:02,8.3,23.4,7.62,803,15,0
174,05/23/21,08:09:03,8.4,23.4,7.62,802,15,0
175,05/23/21,08:10:02,8.4,23.4,7.62,802,15,0
176,05/23/21,08:11:02,8.4,23.4,7.62,803,16,0
177,05/23/21,08:12:02,8.4,23.5,7.62,802,15,0
178,05/23/21,08:13:02,8.4,23.4,7.62,802,16,0
179,05/23/21,08:14:03,8.3,23.1,7.62,802,15,0
180,05/23/21,08:15:03,8.4,23,7.62,801,16,0
181,05/23/21,08:16:02,8.4,23,7.64,801,16,0
182,05/23/21,08:17:02,8.4,23.2,7.64,802,16,0
183,05/23/21,08:18:03,8.4,23.3,7.65,804,15,0
184,05/23/21,08:19:02,8.4,23.4,7.64,804,16,0
185,05/23/21,08:20:02,8.4,23.4,7.64,804,16,0
186,05/23/21,08:21:03,8.4,23.4,7.64,804,15,0
187,05/23/21,08:22:03,8.4,23.4,7.64,804,15,0
188,05/23/21,08:23:02,8.4,23.4,7.64,804,16,0
189,05/23/21,08:24:03,8.4,23.4,7.62,803,15,0
190,05/23/21,08:25:03,8.4,23.5,7.62,803,15,0
191,05/23/21,08:26:02,8.4,23.4,7.62,803,16,0
192,05/23/21,08:27:03,8.4,23.1,7.62,802,15,0
193,05/23/21,08:28:03,8.4,23,7.62,800,16,0
194,05/23/21,08:29:03,8.4,23,7.62,800,16,0
195,05/23/21,08:30:03,8.4,23.2,7.62,801,15,0
196,05/23/21,08:31:03,8.4,23.3,7.62,803,15,0
197,05/23/21,08:32:03,8.4,23.3,7.62,802,16,0
198,05/23/21,08:33:03,8.4,23.4,7.62,802,16,0
199,05/23/21,08:34:03,8.4,23.4,7.62,804,15,0
200,05/23/21,08:35:03,8.4,23.4,7.62,804,16,0
201,05/23/21,08:36:03,8.4,23.4,7.62,802,16,0
202,05/23/21,08:37:03,8.4,23.5,7.62,803,16,0
203,05/23/21,08:38:03,8.4,23.5,7.62,802,16,0
204,05/23/21,08:39:03,8.4,23.3,7.62,802,15,0
205,05/23/21,08:40:03,8.4,23.1,7.62,801,15,0
206,05/23/21,08:41:03,8.4,23,7.62,800,16,0
207,05/23/21,08:42:03,8.4,23.1,7.62,801,16,0
208,05/23/21,08:43:03,8.4,23.2,7.62,800,15,0
209,05/23/21,08:44:03,8.4,23.3,7.62,802,15,0
210,05/23/21,08:45:03,8.4,23.3,7.62,804,16,0
211,05/23/21,08:46:03,8.4,23.4,7.62,803,15,0
212,05/23/21,08:47:03,8.4,23.4,7.62,804,15,0
213,05/23/21,08:48:03,8.4,23.4,7.62,804,15,0
214,05/23/21,08:49:03,8.4,23.4,7.62,802,16,0
215,05/23/21,08:50:03,8.4,23.4,7.62,803,15,0
216,05/23/21,08:51:03,8.4,23.5,7.62,803,15,0
217,05/23/21,08:52:03,8.4,23.3,7.62,804,16,0
218,05/23/21,08:53:03,8.4,23.1,7.62,801,16,0
219,05/23/21,08:54:03,8.4,23,7.62,800,16,0
220,05/23/21,08:55:03,8.4,23.1,7.62,800,16,0
221,05/23/21,08:56:03,8.4,23.2,7.62,800,15,0
222,05/23/21,08:57:03,8.9,23.3,7.62,802,15,0
223,05/23/21,08:58:03,11.5,23.3,7.59,804,15,0
224,05/23/21,08:59:03,7.5,23.4,7.62,804,15,0
225,05/23/21,09:00:03,12.4,23.6,7.59,804,16,0
226,05/23/21,09:01:03,12.1,23.6,7.59,804,15,0
227,05/23/21,09:02:03,11.8,23.7,7.59,804,16,0
228,05/23/21,09:03:03,11.6,23.7,7.59,805,16,0
229,05/23/21,09:04:03,11.4,23.9,7.59,804,16,0
230,05/23/21,09:05:04,11,24,7.56,805,16,0
231,05/23/21,09:06:03,10.8,24,7.56,805,16,0
232,05/23/21,09:07:04,10.5,24.1,7.56,805,16,0
233,05/23/21,09:08:03,10.3,24.1,7.56,804,15,0
234,05/23/21,09:09:04,10,24.2,7.56,804,16,0
235,05/23/21,09:10:03,9.9,24.1,7.56,804,16,0
236,05/23/21,09:11:04,9.7,24,7.56,802,15,0
237,05/23/21,09:12:03,9.5,23.8,7.56,802,16,0
238,05/23/21,09:13:04,9.3,23.6,7.56,803,15,0
239,05/23/21,09:14:03,9,23.4,7.59,802,16,0
240,05/23/21,09:15:04,8.8,23.2,7.59,804,16,0
241,05/23/21,09:16:03,8.5,23,7.62,804,15,0
242,05/23/21,09:17:04,8.3,22.8,7.62,804,16,0
243,05/23/21,09:18:04,8.2,22.6,7.65,805,15,0
244,05/23/21,09:19:04,8.2,22.4,7.67,807,15,0
245,05/23/21,09:20:04,8.2,22.4,7.67,809,15,0
246,05/23/21,09:21:03,8.3,22.3,7.7,810,15,0
247,05/23/21,09:22:04,8.3,22.2,7.73,811,15,0
248,05/23/21,09:23:04,8.3,22.2,7.75,811,16,0
249,05/23/21,09:24:04,8.3,22.2,7.75,813,15,0
250,05/23/21,09:25:04,8.3,22.1,7.75,813,15,0
251,05/23/21,09:26:04,8.3,22.1,7.75,813,16,0
252,05/23/21,09:27:04,8.3,22.2,7.75,813,15,0
253,05/23/21,09:28:04,8.3,22.3,7.75,815,16,0
254,05/23/21,09:29:04,8.4,22.4,7.75,815,15,0
255,05/23/21,09:30:04,8.3,22.5,7.73,815,16,0
256,05/23/21,09:31:04,8.4,22.6,7.73,815,16,0
257,05/23/21,09:32:04,8.4,22.7,7.73,815,15,0
258,05/23/21,09:33:04,8.4,22.7,7.7,813,16,0
259,05/23/21,09:34:04,8.4,22.8,7.7,814,15,0
260,05/23/21,09:35:04,8.4,22.9,7.7,813,16,0
261,05/23/21,09:36:04,8.5,23.1,7.7,815,15,0
262,05/23/21,09:37:04,8.5,23.3,7.67,815,15,0
263,05/23/21,09:38:04,8.5,23.5,7.67,815,16,0
264,05/23/21,09:39:04,8.5,23.7,7.67,816,16,0
265,05/23/21,09:40:04,8.5,23.9,7.65,816,16,0
266,05/23/21,09:41:04,8.5,24.2,7.64,816,15,0
267,05/23/21,09:42:04,8.5,24.5,7.64,818,15,0
268,05/23/21,09:43:04,8.5,24.6,7.62,819,16,0
269,05/23/21,09:44:04,8.5,24.8,7.62,816,16,0
270,05/23/21,09:45:04,8.5,25,7.62,816,15,0
271,05/23/21,09:46:04,8.5,25.2,7.62,816,15,0
272,05/23/21,09:47:04,8.5,25.3,7.59,816,16,0
273,05/23/21,09:48:04,8.6,25.4,7.59,815,15,0
274,05/23/21,09:49:04,8.3,25.4,7.59,815,16,0
275,05/23/21,09:50:04,3.3,23.6,7.59,812,15,0
276,05/23/21,09:51:04,3.1,23.2,7.59,802,14,0
277,05/23/21,09:52:04,3.1,23,7.62,797,15,0
278,05/23/21,09:53:04,3.7,23,7.62,798,15,0
279,05/23/21,09:54:04,5.9,23.2,7.62,798,15,0
280,05/23/21,09:55:04,6.9,23.3,7.59,800,15,0
281,05/23/21,09:56:04,7.7,23.3,7.59,800,16,0
282,05/23/21,09:57:04,8.1,23.4,7.59,801,16,0
283,05/23/21,09:58:04,8.3,23.4,7.56,801,15,0
284,05/23/21,09:59:04,9.2,23.4,7.56,802,15,0
285,05/23/21,10:00:04,9.6,23.4,7.56,801,15,0
286,05/23/21,10:01:04,9.2,23.5,7.53,802,16,0
287,05/23/21,10:02:04,8.9,23.5,7.53,804,16,0
288,05/23/21,10:03:04,8.6,23.4,7.56,803,15,0
289,05/23/21,10:04:04,8.3,23.2,7.56,802,16,0
290,05/23/21,10:05:04,8.1,23,7.56,801,16,0
291,05/23/21,10:06:05,8.1,23,7.56,801,16,0
292,05/23/21,10:07:04,8,23.2,7.56,802,16,0
293,05/23/21,10:08:05,8,23.2,7.56,804,16,0
294,05/23/21,10:09:04,8.1,23.3,7.56,802,16,0
295,05/23/21,10:10:05,8.2,23.3,7.56,802,16,0
296,05/23/21,10:11:04,8.2,23.4,7.56,803,15,0
297,05/23/21,10:12:05,8.3,23.4,7.56,802,15,0
298,05/23/21,10:13:04,8.3,23.4,7.56,802,16,0
299,05/23/21,10:14:05,8.3,23.4,7.56,803,16,0
300,05/23/21,10:15:04,8.3,23.4,7.56,805,16,0
301,05/23/21,10:16:05,8.3,23.4,7.56,804,16,0
302,05/23/21,10:17:05,8.3,23.1,7.56,804,15,0
303,05/23/21,10:18:05,8.3,23,7.56,802,16,0
304,05/23/21,10:19:05,8.2,23,7.56,802,16,0
305,05/23/21,10:20:05,8.3,23.2,7.56,804,15,0
306,05/23/21,10:21:05,8.2,23.3,7.59,805,15,0
307,05/23/21,10:22:05,8.3,23.3,7.59,807,15,0
308,05/23/21,10:23:05,8.3,23.4,7.59,807,16,0
309,05/23/21,10:24:05,8.2,23.4,7.59,807,16,0
310,05/23/21,10:25:05,8.3,23.4,7.59,807,15,0
311,05/23/21,10:26:05,8.3,23.4,7.59,807,15,0
312,05/23/21,10:27:05,8.3,23.5,7.59,808,16,0
313,05/23/21,10:28:05,8.3,23.5,7.59,807,16,0
314,05/23/21,10:29:05,8.3,23.4,7.59,807,15,0
315,05/23/21,10:30:05,8.3,23.1,7.59,807,16,0
316,05/23/21,10:31:05,8.3,23,7.59,805,15,0
317,05/23/21,10:32:05,8.3,23.1,7.59,805,16,0
318,05/23/21,10:33:05,8.3,23.2,7.59,807,15,0
319,05/23/21,10:34:05,8.3,23.3,7.59,808,15,0
320,05/23/21,10:35:05,8.3,23.4,7.59,809,15,0
321,05/23/21,10:36:05,8.3,23.4,7.59,809,16,0
322,05/23/21,10:37:05,8.3,23.4,7.59,811,15,0
323,05/23/21,10:38:05,8.3,23.4,7.59,809,16,0
324,05/23/21,10:39:05,8.3,23.4,7.62,808,15,0
325,05/23/21,10:40:05,8.3,23.5,7.59,811,15,0
326,05/23/21,10:41:05,8.2,23.5,7.62,810,16,0
327,05/23/21,10:42:05,8.2,23.3,7.62,811,16,0
328,05/23/21,10:43:05,8.1,23.1,7.62,809,16,0
329,05/23/21,10:44:05,8.1,23,7.62,807,15,0
330,05/23/21,10:45:05,8.1,23.1,7.62,808,16,0
331,05/23/21,10:46:05,8.1,23.2,7.62,808,15,0
332,05/23/21,10:47:05,8.1,23.3,7.62,809,15,0
333,05/23/21,10:48:05,8.1,23.3,7.62,811,15,0
334,05/23/21,10:49:05,8.1,23.4,7.62,809,15,0
335,05/23/21,10:50:05,8.1,23.4,7.62,809,16,0
336,05/23/21,10:51:05,8.1,23.4,7.62,809,16,0
337,05/23/21,10:52:06,8.1,23.4,7.62,810,16,0
338,05/23/21,10:53:05,8.1,23.4,7.62,809,16,0
339,05/23/21,10:54:05,8.1,23.4,7.62,808,16,0
340,05/23/21,10:55:06,8.1,23.3,7.62,808,15,0
341,05/23/21,10:56:06,8.1,23.1,7.62,808,15,0
342,05/23/21,10:57:05,8.1,22.9,7.62,807,16,0
343,05/23/21,10:58:06,8.1,23.1,7.62,805,15,0
344,05/23/21,10:59:05,8.1,23.2,7.62,806,15,0
345,05/23/21,11:00:06,8.2,23.3,7.62,808,16,0
346,05/23/21,11:01:06,8.2,23.4,7.64,809,15,0
347,05/23/21,11:02:05,8.3,23.4,7.64,809,16,0
348,05/23/21,11:03:06,8.2,23.4,7.64,809,16,0
349,05/23/21,11:04:06,8.2,23.4,7.62,809,16,0
350,05/23/21,11:05:06,8.7,23.4,7.62,809,15,0
351,05/23/21,11:06:05,10.3,23.5,7.62,809,16,0
352,05/23/21,11:07:06,12.4,23.5,7.62,809,15,0
353,05/23/21,11:08:06,12.4,23.6,7.62,809,15,0
354,05/23/21,11:09:06,12.4,23.8,7.62,810,16,0
355,05/23/21,11:10:06,12.3,23.8,7.59,809,16,0
356,05/23/21,11:11:06,12.3,23.9,7.59,809,15,0
357,05/23/21,11:12:06,12.3,24,7.59,809,15,0
358,05/23/21,11:13:06,12.3,24,7.59,809,15,0
359,05/23/21,11:14:06,12.3,24.1,7.59,810,16,0
360,05/23/21,11:15:06,12.3,24.1,7.56,809,16,0
361,05/23/21,11:16:06,12.3,24.2,7.56,811,15,0
362,05/23/21,11:17:06,12.3,24.2,7.56,809,16,0
363,05/23/21,11:18:06,12.4,24.2,7.56,809,16,0
364,05/23/21,11:19:06,12.3,24.1,7.53,808,16,0
365,05/23/21,11:20:06,12.3,24,7.54,807,15,0
366,05/23/21,11:21:06,12.3,23.9,7.54,806,16,0
367,05/23/21,11:22:06,12.3,23.7,7.54,807,16,0
368,05/23/21,11:23:06,12.3,23.6,7.53,807,15,0
369,05/23/21,11:24:06,12.3,23.4,7.53,805,16,0
370,05/23/21,11:25:06,12.3,23.3,7.53,807,16,0
371,05/23/21,11:26:06,12.3,23.1,7.53,807,15,0
372,05/23/21,11:27:06,12.3,23,7.56,808,16,0
373,05/23/21,11:28:06,12.3,22.8,7.56,808,15,0
374,05/23/21,11:29:06,12.3,22.7,7.56,809,15,0
375,05/23/21,11:30:06,12.3,22.5,7.59,810,16,0
376,05/23/21,11:31:06,12.3,22.4,7.59,812,15,0
377,05/23/21,11:32:06,12.3,22.3,7.62,810,16,0
378,05/23/21,11:33:06,12.3,22.1,7.64,814,16,0
379,05/23/21,11:34:06,12.3,22,7.65,813,16,0
380,05/23/21,11:35:06,12.3,21.9,7.67,815,16,0
381,05/23/21,11:36:06,12.3,21.8,7.67,816,16,0
382,05/23/21,11:37:07,12.3,21.7,7.7,818,15,0
383,05/23/21,11:38:06,12.3,21.7,7.7,819,16,0
384,05/23/21,11:39:06,12.3,21.7,7.7,820,15,0
385,05/23/21,11:40:07,12.3,21.7,7.7,822,15,0
386,05/23/21,11:41:06,12.3,21.8,7.7,823,16,0
387,05/23/21,11:42:06,12.3,21.8,7.7,824,16,0
388,05/23/21,11:43:07,12.3,21.9,7.7,824,16,0
389,05/23/21,11:44:06,12.3,21.9,7.7,826,15,0
390,05/23/21,11:45:06,12.3,22,7.7,827,16,0
391,05/23/21,11:46:07,12.3,22.1,7.7,827,16,0
392,05/23/21,11:47:06,10.8,22.4,7.7,827,15,0
393,05/23/21,11:48:06,8.3,23.4,7.7,831,16,0
394,05/23/21,11:49:07,8.2,23.4,7.67,832,16,0
395,05/23/21,11:50:06,8.2,23.4,7.67,830,16,0
396,05/23/21,11:51:06,8.3,23.5,7.67,826,16,0
397,05/23/21,11:52:07,8.3,23.5,7.64,822,16,0
398,05/23/21,11:53:06,8.3,23.5,7.64,820,15,0
399,05/23/21,11:54:06,8.3,23.5,7.61,818,15,0
400,05/23/21,11:55:07,8.3,23.5,7.62,816,16,0
401,05/23/21,11:56:07,8.3,23.5,7.62,816,16,0
402,05/23/21,11:57:06,8.3,23.5,7.59,818,16,0
403,05/23/21,11:58:07,8.4,23.5,7.59,815,16,0
404,05/23/21,11:59:07,8.3,23.3,7.59,813,16,0
405,05/23/21,12:00:07,8.4,23.1,7.59,812,16,0
406,05/23/21,12:01:07,8.4,22.9,7.59,811,15,0
407,05/23/21,12:02:07,8.3,23.1,7.59,810,16,0
408,05/23/21,12:03:07,8.4,23.2,7.59,812,16,0
409,05/23/21,12:04:07,8.4,23.3,7.59,811,15,0
410,05/23/21,12:05:07,8.4,23.4,7.59,813,16,0
411,05/23/21,12:06:07,8.4,23.4,7.59,813,16,0
412,05/23/21,12:07:07,8.4,23.4,7.59,813,16,0
413,05/23/21,12:08:07,8.4,23.5,7.56,815,15,0
414,05/23/21,12:09:07,8.4,23.5,7.56,813,15,0
415,05/23/21,12:10:07,8.8,23.5,7.59,815,16,0
416,05/23/21,12:11:07,8.8,23.5,7.59,816,15,0
417,05/23/21,12:12:07,8.8,23.3,7.59,815,16,0
418,05/23/21,12:13:07,8.8,23.1,7.59,813,15,0
419,05/23/21,12:14:07,8.7,23,7.59,813,16,0
420,05/23/21,12:15:07,8.8,23.1,7.62,813,16,0
421,05/23/21,12:16:07,8.8,23.2,7.62,813,16,0
422,05/23/21,12:17:07,8.8,23.3,7.62,815,16,0
423,05/23/21,12:18:07,8.8,23.4,7.62,816,16,0
424,05/23/21,12:19:07,8.8,23.4,7.62,816,16,0
425,05/23/21,12:20:07,8.8,23.4,7.62,816,16,0
426,05/23/21,12:21:07,8.7,23.4,7.62,816,15,0
427,05/23/21,12:22:07,8.5,23.4,7.62,818,16,0
428,05/23/21,12:23:07,8.3,23.5,7.62,816,15,0
429,05/23/21,12:24:07,8.2,23.5,7.62,816,16,0
430,05/23/21,12:25:07,8.2,23.3,7.62,818,16,0
431,05/23/21,12:26:07,8.2,23.1,7.62,816,16,0
432,05/23/21,12:27:07,8.2,23,7.64,815,15,0
433,05/23/21,12:28:07,8.2,23.1,7.64,815,15,0
434,05/23/21,12:29:07,8.1,23.2,7.64,816,15,0
435,05/23/21,12:30:07,8.1,23.3,7.65,816,16,0
436,05/23/21,12:31:07,8.1,23.3,7.64,816,16,0
437,05/23/21,12:32:08,8.1,23.4,7.65,816,16,0
438,05/23/21,12:33:07,8.2,23.4,7.64,815,15,0
439,05/23/21,12:34:07,8.1,23.4,7.64,815,16,0
440,05/23/21,12:35:07,8.1,23.4,7.62,815,15,0
441,05/23/21,12:36:08,8.1,23.5,7.62,813,15,0
442,05/23/21,12:37:07,8.1,23.5,7.62,813,15,0
443,05/23/21,12:38:07,8.1,23.3,7.62,813,15,0
444,05/23/21,12:39:08,8.1,23.1,7.62,811,15,0
445,05/23/21,12:40:08,8.2,22.9,7.62,809,15,0
446,05/23/21,12:41:07,8.2,23.1,7.62,809,15,0
447,05/23/21,12:42:08,8.2,23.2,7.62,811,16,0
448,05/23/21,12:43:08,8.3,23.3,7.62,813,16,0
449,05/23/21,12:44:08,8.2,23.3,7.62,813,16,0
450,05/23/21,12:45:07,8.2,23.4,7.62,814,16,0
451,05/23/21,12:46:08,8.3,23.4,7.62,813,16,0
452,05/23/21,12:47:08,8.3,23.4,7.62,813,16,0
453,05/23/21,12:48:08,8.3,23.4,7.62,815,16,0
454,05/23/21,12:49:07,8.3,23.5,7.62,815,16,0
455,05/23/21,12:50:08,8.3,23.5,7.62,814,15,0
456,05/23/21,12:51:08,8.3,23.2,7.62,812,16,0
457,05/23/21,12:52:07,8.3,23.1,7.62,812,15,0
458,05/23/21,12:53:08,8.3,22.9,7.62,811,15,0
459,05/23/21,12:54:08,8.3,23.1,7.62,809,16,0
460,05/23/21,12:55:08,8.3,23.2,7.62,812,16,0
461,05/23/21,12:56:08,8.3,23.3,7.62,813,15,0
462,05/23/21,12:57:08,8.3,23.3,7.62,813,16,0
463,05/23/21,12:58:08,8.3,23.4,7.62,813,16,0
464,05/23/21,12:59:08,8.3,23.4,7.62,813,15,0
465,05/23/21,13:00:08,8.3,23.4,7.62,813,15,0
466,05/23/21,13:01:08,8.3,23.4,7.62,813,16,0
467,05/23/21,13:02:08,8.3,23.5,7.62,815,16,0
468,05/23/21,13:03:08,8.3,23.5,7.62,814,16,0
469,05/23/21,13:04:08,8.3,23.2,7.62,813,16,0
470,05/23/21,13:05:08,8.3,23.1,7.62,812,16,0
471,05/23/21,13:06:08,8.3,22.9,7.62,811,16,0
472,05/23/21,13:07:08,8.3,23.1,7.62,811,15,0
473,05/23/21,13:08:08,8.3,23.2,7.62,812,16,0
474,05/23/21,13:09:08,8.3,23.3,7.62,813,16,0
475,05/23/21,13:10:08,8.3,23.4,7.62,813,15,0
476,05/23/21,13:11:08,8.3,23.4,7.62,814,15,0
477,05/23/21,13:12:08,8.3,23.4,7.62,813,16,0
478,05/23/21,13:13:08,8.3,23.4,7.62,814,16,0
479,05/23/21,13:14:08,8.3,23.5,7.62,813,15,0
480,05/23/21,13:15:08,8.3,23.5,7.62,813,16,0
481,05/23/21,13:16:08,8.3,23.5,7.62,813,16,0
482,05/23/21,13:17:08,8.3,23.2,7.62,813,15,0
483,05/23/21,13:18:08,8.3,23,7.62,811,16,0
484,05/23/21,13:19:08,8.3,22.9,7.62,811,16,0
485,05/23/21,13:20:08,8.3,23.1,7.62,810,16,0
486,05/23/21,13:21:08,8.3,23.2,7.62,812,16,0
487,05/23/21,13:22:08,8.3,23.3,7.62,813,16,0
488,05/23/21,13:23:08,8.3,23.3,7.62,812,15,0
489,05/23/21,13:24:08,8.3,23.4,7.62,813,15,0
490,05/23/21,13:25:08,8.3,23.4,7.62,812,15,0
491,05/23/21,13:26:09,8.3,23.4,7.62,813,16,0
492,05/23/21,13:27:08,8.3,23.4,7.62,813,16,0
493,05/23/21,13:28:08,8.3,23.5,7.61,814,16,0
494,05/23/21,13:29:09,8.3,23.5,7.62,813,15,0
495,05/23/21,13:30:09,8.3,23.2,7.62,812,16,0
496,05/23/21,13:31:08,8.3,23,7.62,812,15,0
497,05/23/21,13:32:08,8.3,22.9,7.61,811,16,0
498,05/23/21,13:33:09,8.3,23.1,7.62,811,16,0
499,05/23/21,13:34:09,8.3,23.2,7.62,814,16,0
500,05/23/21,13:35:08,8.3,23.3,7.62,812,16,0
501,05/23/21,13:36:09,8.3,23.4,7.62,813,15,0
502,05/23/21,13:37:09,8.3,23.4,7.62,815,16,0
503,05/23/21,13:38:09,8.3,23.4,7.62,814,16,0
504,05/23/21,13:39:08,8.3,23.4,7.62,813,15,0
505,05/23/21,13:40:09,8.4,23.5,7.62,814,16,0
506,05/23/21,13:41:09,8.3,23.5,7.62,813,16,0
507,05/23/21,13:42:09,8.3,23.5,7.62,813,16,0
508,05/23/21,13:43:09,8.3,23.2,7.62,813,16,0
509,05/23/21,13:44:09,8.3,23,7.62,811,16,0
510,05/23/21,13:45:09,8.3,22.9,7.62,811,15,0
511,05/23/21,13:46:09,8.3,23.2,7.62,811,15,0
512,05/23/21,13:47:09,8.3,23.3,7.64,812,15,0
513,05/23/21,13:48:09,8.3,23.3,7.65,813,16,0
514,05/23/21,13:49:09,8.3,23.4,7.64,813,16,0
515,05/23/21,13:50:09,8.3,23.4,7.62,813,15,0
516,05/23/21,13:51:09,8.3,23.4,7.62,813,16,0
517,05/23/21,13:52:09,8.3,23.4,7.62,814,16,0
518,05/23/21,13:53:09,8.3,23.4,7.62,813,15,0
519,05/23/21,13:54:09,8.3,23.5,7.62,815,15,0
520,05/23/21,13:55:09,8.3,23.5,7.62,813,15,0
521,05/23/21,13:56:09,8.3,23.2,7.62,813,15,0
522,05/23/21,13:57:09,8.3,23,7.62,811,16,0
523,05/23/21,13:58:09,8.3,23,7.61,810,16,0
524,05/23/21,13:59:09,10.7,23.1,7.64,810,16,0
525,05/23/21,14:00:09,12.2,23.2,7.65,813,16,0
526,05/23/21,14:01:09,12.1,23.3,7.64,813,16,0
527,05/23/21,14:02:09,11.8,23.4,7.64,815,16,0
528,05/23/21,14:03:09,11.6,23.5,7.64,815,15,0
529,05/23/21,14:04:09,11.3,23.6,7.65,815,15,0
530,05/23/21,14:05:09,11,23.7,7.62,816,15,0
531,05/23/21,14:06:09,10.7,23.8,7.62,815,15,0
532,05/23/21,14:07:09,10.4,23.9,7.62,815,15,0
533,05/23/21,14:08:09,10.2,24,7.59,816,16,0
534,05/23/21,14:09:09,9.9,24,7.59,815,15,0
535,05/23/21,14:10:09,9.9,24,7.59,815,15,0
536,05/23/21,14:11:09,9.6,24.1,7.56,815,16,0
537,05/23/21,14:12:09,9.4,24.1,7.56,815,16,0
538,05/23/21,14:13:09,9.2,24.1,7.56,815,15,0
539,05/23/21,14:14:09,9,24,7.56,815,15,0
540,05/23/21,14:15:09,8.8,23.8,7.56,812,16,0
541,05/23/21,14:16:09,8.5,23.6,7.56,811,16,0
542,05/23/21,14:17:09,8.3,23.4,7.56,810,16,0
543,05/23/21,14:18:09,8.2,23.2,7.59,810,16,0
544,05/23/21,14:19:09,8.2,23.1,7.59,812,15,0
545,05/23/21,14:20:09,8.2,23,7.62,812,15,0
546,05/23/21,14:21:10,8.2,22.9,7.62,815,15,0
547,05/23/21,14:22:09,8.3,22.8,7.64,816,15,0
548,05/23/21,14:23:09,8.3,22.7,7.64,816,16,0
549,05/23/21,14:24:10,8.3,22.7,7.67,818,16,0
550,05/23/21,14:25:09,8.3,22.6,7.67,818,16,0
551,05/23/21,14:26:09,8.3,22.5,7.7,818,16,0
552,05/23/21,14:27:10,8.3,22.4,7.7,821,16,0
553,05/23/21,14:28:09,8.3,22.4,7.73,819,16,0
554,05/23/21,14:29:10,8.3,22.4,7.73,820,16,0
555,05/23/21,14:30:10,8.3,22.4,7.73,820,15,0
556,05/23/21,14:31:09,8.3,22.4,7.72,822,16,0
557,05/23/21,14:32:10,8.3,22.5,7.73,823,15,0
558,05/23/21,14:33:10,8.3,22.6,7.73,823,15,0
559,05/23/21,14:34:09,8.3,22.6,7.73,823,16,0
560,05/23/21,14:35:10,8.4,22.7,7.72,823,15,0
561,05/23/21,14:36:10,8.4,22.7,7.73,823,15,0
562,05/23/21,14:37:10,8.4,22.8,7.73,823,15,0
563,05/23/21,14:38:10,8.4,22.9,7.73,823,15,0
564,05/23/21,14:39:10,8.5,23.1,7.72,825,15,0
565,05/23/21,14:40:10,8.4,23.3,7.7,826,15,0
566,05/23/21,14:41:10,8.5,23.5,7.7,826,16,0
567,05/23/21,14:42:10,8.5,23.7,7.7,826,16,0
568,05/23/21,14:43:10,8.5,23.9,7.7,827,16,0
569,05/23/21,14:44:10,8.4,24.2,7.67,827,16,0
570,05/23/21,14:45:10,8.5,24.4,7.67,827,16,0
571,05/23/21,14:46:10,8.5,24.6,7.64,827,16,0
572,05/23/21,14:47:10,5.7,25.1,7.64,827,15,0
573,05/23/21,14:48:10,3.5,24.6,7.64,826,16,0
574,05/23/21,14:49:10,3.2,24.2,7.64,822,16,0
575,05/23/21,14:50:10,3.3,23.7,7.65,818,15,0
576,05/23/21,14:51:10,4.2,23.3,7.64,812,16,0
577,05/23/21,14:52:10,4.9,23.1,7.64,809,16,0
578,05/23/21,14:53:10,5.5,23.1,7.64,808,16,0
579,05/23/21,14:54:10,6.1,23,7.64,808,16,0
580,05/23/21,14:55:10,6.6,23.2,7.64,808,16,0
581,05/23/21,14:56:10,7.2,23.3,7.65,808,16,0
582,05/23/21,14:57:10,7.7,23.4,7.64,808,16,0
583,05/23/21,14:58:10,8.1,23.5,7.62,809,15,0
584,05/23/21,14:59:10,8.2,23.5,7.62,809,16,0
585,05/23/21,15:00:10,8.2,23.5,7.62,809,16,0
586,05/23/21,15:01:10,8.2,23.6,7.62,807,15,0
587,05/23/21,15:02:10,8.2,23.6,7.62,808,16,0
588,05/23/21,15:03:10,8.3,23.6,7.62,808,16,0
589,05/23/21,15:04:10,8.3,23.6,7.62,808,16,0
590,05/23/21,15:05:10,8.3,23.3,7.62,808,16,0
591,05/23/21,15:06:10,8.2,23.2,7.59,805,15,0
592,05/23/21,15:07:10,8.2,23,7.61,808,15,0
593,05/23/21,15:08:10,8.3,23,7.62,807,15,0
594,05/23/21,15:09:10,8.2,23.2,7.62,807,16,0
595,05/23/21,15:10:11,8.3,23.3,7.62,808,16,0
596,05/23/21,15:11:10,8.3,23.4,7.62,810,15,0
597,05/23/21,15:12:10,8.3,23.4,7.59,810,16,0
598,05/23/21,15:13:10,8.3,23.5,7.61,811,16,0
599,05/23/21,15:14:11,8.3,23.5,7.62,811,16,0
600,05/23/21,15:15:10,8.3,23.5,7.62,810,16,0
601,05/23/21,15:16:10,8.3,23.5,7.59,811,15,0
602,05/23/21,15:17:11,8.3,23.5,7.59,809,15,0
603,05/23/21,15:18:11,8.3,23.5,7.59,811,15,0
604,05/23/21,15:19:10,8.3,23.3,7.59,809,15,0
605,05/23/21,15:20:10,8.2,23.1,7.59,807,16,0
606,05/23/21,15:21:11,8.3,23,7.59,807,15,0
607,05/23/21,15:22:11,8.3,23.1,7.59,807,16,0
608,05/23/21,15:23:10,8.3,23.2,7.62,808,15,0
609,05/23/21,15:24:11,8.3,23.3,7.62,809,16,0
610,05/23/21,15:25:11,8.3,23.4,7.62,810,15,0
611,05/23/21,15:26:11,8.3,23.4,7.62,811,16,0
612,05/23/21,15:27:10,8.3,23.5,7.62,809,15,0
613,05/23/21,15:28:11,8.3,23.5,7.62,810,16,0
614,05/23/21,15:29:11,8.3,23.5,7.62,811,16,0
615,05/23/21,15:30:11,8.3,23.5,7.59,809,15,0
616,05/23/21,15:31:11,8.3,23.5,7.59,809,16,0
617,05/23/21,15:32:11,8.3,23.4,7.59,810,16,0
618,05/23/21,15:33:11,8.3,23.2,7.59,808,15,0
619,05/23/21,15:34:11,8.3,23,7.59,808,16,0
620,05/23/21,15:35:11,8.3,23,7.59,807,15,0
621,05/23/21,15:36:11,8.3,23.2,7.62,808,16,0
622,05/23/21,15:37:11,8.3,23.3,7.59,808,15,0
623,05/23/21,15:38:11,8.3,23.4,7.62,809,16,0
624,05/23/21,15:39:11,8.3,23.4,7.62,811,15,0
625,05/23/21,15:40:11,8.3,23.4,7.62,811,16,0
626,05/23/21,15:41:11,8.2,23.4,7.59,809,16,0
627,05/23/21,15:42:11,8.2,23.5,7.59,811,16,0
628,05/23/21,15:43:11,8.2,23.5,7.59,811,16,0
629,05/23/21,15:44:11,8.2,23.5,7.59,809,15,0
630,05/23/21,15:45:11,8.2,23.5,7.59,811,15,0
631,05/23/21,15:46:11,8.2,23.2,7.59,808,15,0
632,05/23/21,15:47:11,8.2,23,7.59,807,15,0
633,05/23/21,15:48:11,8.2,23,7.59,805,15,0
634,05/23/21,15:49:11,8.2,23.2,7.59,805,15,0
635,05/23/21,15:50:11,8.2,23.3,7.59,807,16,0
636,05/23/21,15:51:11,8.2,23.3,7.59,807,15,0
637,05/23/21,15:52:11,8.2,23.4,7.59,808,15,0
638,05/23/21,15:53:11,8.2,23.4,7.59,808,16,0
639,05/23/21,15:54:11,8.1,23.4,7.59,808,15,0
640,05/23/21,15:55:11,8.1,23.4,7.59,807,15,0
641,05/23/21,15:56:11,8.1,23.5,7.59,807,15,0
642,05/23/21,15:57:11,8.1,23.5,7.59,807,16,0
643,05/23/21,15:58:11,8.1,23.5,7.59,805,16,0
644,05/23/21,15:59:11,8.1,23.2,7.59,805,15,0
645,05/23/21,16:00:11,8.2,23,7.59,803,15,0
646,05/23/21,16:01:11,8.2,22.9,7.59,802,16,0
647,05/23/21,16:02:12,8.3,23.2,7.59,802,16,0
648,05/23/21,16:03:11,8.3,23.3,7.59,804,16,0
649,05/23/21,16:04:11,8.3,23.3,7.59,805,15,0
650,05/23/21,16:05:11,8.3,23.4,7.59,805,16,0
651,05/23/21,16:06:11,8.3,23.4,7.59,805,16,0
652,05/23/21,16:07:12,8.3,23.4,7.59,805,16,0
653,05/23/21,16:08:12,8.3,23.5,7.59,805,16,0
654,05/23/21,16:09:11,8.3,23.5,7.59,805,15,0
655,05/23/21,16:10:11,8.4,23.5,7.59,805,15,0
656,05/23/21,16:11:12,8.4,23.5,7.59,805,15,0
657,05/23/21,16:12:12,8.4,23.2,7.59,805,16,0
658,05/23/21,16:13:12,8.4,23,7.59,804,16,0
659,05/23/21,16:14:11,8.4,22.9,7.59,802,15,0
660,05/23/21,16:15:11,8.4,23.1,7.59,804,16,0
661,05/23/21,16:16:12,8.4,23.3,7.59,803,15,0
662,05/23/21,16:17:12,8.4,23.3,7.59,805,15,0
663,05/23/21,16:18:12,8.4,23.4,7.59,807,15,0
664,05/23/21,16:19:11,8.3,23.4,7.59,806,15,0
665,05/23/21,16:20:12,8.4,23.4,7.59,805,15,0
666,05/23/21,16:21:12,8.4,23.4,7.59,805,16,0
667,05/23/21,16:22:12,8.4,23.5,7.59,805,15,0
668,05/23/21,16:23:12,8.4,23.5,7.59,805,16,0
669,05/23/21,16:24:12,8.4,23.5,7.59,805,15,0
670,05/23/21,16:25:12,8.4,23.2,7.59,805,16,0
671,05/23/21,16:26:12,8.4,23.1,7.59,804,15,0
672,05/23/21,16:27:12,8.4,22.9,7.59,802,16,0
673,05/23/21,16:28:12,8.4,23.1,7.59,802,15,0
674,05/23/21,16:29:12,8.4,23.2,7.59,803,16,0
675,05/23/21,16:30:12,8.4,23.3,7.62,805,16,0
676,05/23/21,16:31:12,8.4,23.4,7.61,806,16,0
677,05/23/21,16:32:12,8.4,23.4,7.62,805,16,0
678,05/23/21,16:33:12,8.4,23.4,7.59,807,15,0
679,05/23/21,16:34:12,8.4,23.4,7.62,805,15,0
680,05/23/21,16:35:12,8.4,23.5,7.59,807,15,0
681,05/23/21,16:36:12,8.4,23.5,7.59,807,16,0
682,05/23/21,16:37:12,8.4,23.5,7.59,805,15,0
683,05/23/21,16:38:12,8.4,23.3,7.59,805,16,0
684,05/23/21,16:39:12,8.4,23.1,7.59,807,15,0
685,05/23/21,16:40:12,8.4,23,7.62,804,16,0
686,05/23/21,16:41:12,8.4,23.1,7.62,803,15,0
687,05/23/21,16:42:12,8.4,23.2,7.62,805,15,0
688,05/23/21,16:43:12,8.4,23.3,7.62,805,15,0
689,05/23/21,16:44:12,8.4,23.4,7.62,807,16,0
690,05/23/21,16:45:12,8.4,23.4,7.62,807,16,0
691,05/23/21,16:46:12,8.4,23.4,7.62,807,15,0
692,05/23/21,16:47:12,8.4,23.4,7.62,808,16,0
693,05/23/21,16:48:12,8.4,23.4,7.62,805,16,0
694,05/23/21,16:49:12,8.4,23.5,7.62,805,15,0
695,05/23/21,16:50:12,8.4,23.5,7.62,806,16,0
696,05/23/21,16:51:12,8.4,23.3,7.62,805,16,0
697,05/23/21,16:52:12,8.4,23.1,7.62,804,16,0
698,05/23/21,16:53:12,8.4,23,7.62,802,16,0
699,05/23/21,16:54:12,8.4,23.1,7.62,802,15,0
700,05/23/21,16:55:12,8.4,23.2,7.62,804,15,0
701,05/23/21,16:56:13,8.4,23.3,7.62,805,16,0
702,05/23/21,16:57:12,8.4,23.4,7.62,805,15,0
703,05/23/21,16:58:12,8.4,23.4,7.62,807,16,0
704,05/23/21,16:59:12,8.4,23.4,7.62,807,15,0
705,05/23/21,17:00:13,8.4,23.4,7.62,807,16,0
706,05/23/21,17:01:12,8.4,23.5,7.62,805,15,0
707,05/23/21,17:02:12,8.5,23.5,7.62,805,15,0
708,05/23/21,17:03:13,8.4,23.5,7.62,805,15,0
709,05/23/21,17:04:13,8.4,23.3,7.62,805,16,0
710,05/23/21,17:05:12,8.4,23.1,7.62,803,16,0
711,05/23/21,17:06:13,8.5,23,7.62,802,15,0
712,05/23/21,17:07:13,8.4,23.1,7.62,804,15,0
713,05/23/21,17:08:13,8.4,23.2,7.62,805,15,0
714,05/23/21,17:09:12,8.5,23.3,7.62,805,16,0
715,05/23/21,17:10:13,8.4,23.4,7.62,807,15,0
716,05/23/21,17:11:13,8.4,23.4,7.62,807,15,0
717,05/23/21,17:12:13,8.4,23.4,7.62,807,16,0
718,05/23/21,17:13:13,8.4,23.4,7.62,805,16,0
719,05/23/21,17:14:13,8.4,23.5,7.61,807,16,0
720,05/23/21,17:15:13,8.4,23.5,7.62,805,15,0
721,05/23/21,17:16:13,8.4,23.5,7.62,807,15,0
722,05/23/21,17:17:13,8.4,23.3,7.62,805,16,0
723,05/23/21,17:18:13,8.4,23.1,7.62,804,15,0
724,05/23/21,17:19:13,8.5,23,7.62,804,16,0
725,05/23/21,17:20:13,8.4,23.1,7.62,802,16,0
726,05/23/21,17:21:13,8.3,23.2,7.62,804,16,0
727,05/23/21,17:22:13,8.2,23.3,7.62,807,15,0
728,05/23/21,17:23:13,8.2,23.4,7.62,806,15,0
729,05/23/21,17:24:13,8.1,23.4,7.62,805,15,0
730,05/23/21,17:25:13,8.1,23.4,7.62,805,15,0
731,05/23/21,17:26:13,8.1,23.4,7.62,807,16,0
732,05/23/21,17:27:13,8.1,23.5,7.62,805,15,0
733,05/23/21,17:28:13,8.1,23.5,7.62,803,16,0
734,05/23/21,17:29:13,8.1,23.5,7.62,805,16,0
735,05/23/21,17:30:13,8.1,23.3,7.62,804,16,0
736,05/23/21,17:31:13,8.1,23.1,7.62,803,16,0
737,05/23/21,17:32:13,8.1,22.9,7.62,801,15,0
738,05/23/21,17:33:13,8.1,23.1,7.62,801,16,0
739,05/23/21,17:34:13,8.1,23.2,7.62,801,16,0
740,05/23/21,17:35:13,8.1,23.3,7.62,802,16,0
741,05/23/21,17:36:13,8.1,23.4,7.61,802,16,0
742,05/23/21,17:37:13,8.1,23.4,7.62,803,15,0
743,05/23/21,17:38:13,8.1,23.4,7.62,802,16,0
744,05/23/21,17:39:13,8.2,23.4,7.62,801,15,0
745,05/23/21,17:40:13,8.2,23.4,7.62,801,16,0
746,05/23/21,17:41:13,8.2,23.5,7.62,801,16,0
747,05/23/21,17:42:13,8.2,23.5,7.62,801,16,0
748,05/23/21,17:43:13,8.2,23.3,7.62,801,15,0
749,05/23/21,17:44:13,8.3,23.1,7.62,800,15,0
750,05/23/21,17:45:13,8.3,23,7.62,798,15,0
751,05/23/21,17:46:13,8.3,23.1,7.62,798,15,0
752,05/23/21,17:47:13,8.3,23.2,7.62,799,15,0
753,05/23/21,17:48:13,8.3,23.3,7.62,802,16,0
754,05/23/21,17:49:13,8.3,23.4,7.62,802,16,0
755,05/23/21,17:50:13,8.3,23.4,7.62,802,16,0
756,05/23/21,17:51:14,8.3,23.4,7.62,803,16,0
757,05/23/21,17:52:13,8.3,23.4,7.62,802,16,0
758,05/23/21,17:53:13,8.3,23.4,7.62,802,15,0
759,05/23/21,17:54:13,8.3,23.5,7.62,802,15,0
760,05/23/21,17:55:14,8.3,23.5,7.62,802,16,0
761,05/23/21,17:56:13,8.3,23.3,7.62,800,15,0
762,05/23/21,17:57:14,8.3,23.1,7.62,801,15,0
763,05/23/21,17:58:14,8.3,23,7.62,799,15,0
764,05/23/21,17:59:14,8.3,23.1,7.62,801,16,0
765,05/23/21,18:00:13,8.3,23.2,7.62,801,15,0
766,05/23/21,18:01:14,8.3,23.3,7.62,803,16,0
767,05/23/21,18:02:14,8.3,23.4,7.62,802,15,0
768,05/23/21,18:03:14,8.3,23.4,7.62,802,15,0
769,05/23/21,18:04:13,8.3,23.4,7.62,802,16,0
770,05/23/21,18:05:14,8.3,23.4,7.62,802,15,0
771,05/23/21,18:06:14,8.3,23.4,7.62,802,15,0
772,05/23/21,18:07:14,8.3,23.5,7.62,802,16,0
773,05/23/21,18:08:14,8.3,23.4,7.62,802,16,0
774,05/23/21,18:09:14,8.3,23.3,7.62,802,15,0
775,05/23/21,18:10:14,8.3,23.1,7.62,801,16,0
776,05/23/21,18:11:14,8.3,22.9,7.62,800,15,0
777,05/23/21,18:12:14,8.3,23.1,7.61,801,16,0
778,05/23/21,18:13:14,8.3,23.2,7.62,801,16,0
779,05/23/21,18:14:14,8.3,23.3,7.62,802,16,0
780,05/23/21,18:15:14,8.4,23.4,7.62,804,16,0
781,05/23/21,18:16:14,8.3,23.4,7.62,802,15,0
782,05/23/21,18:17:14,8.4,23.4,7.62,802,15,0
783,05/23/21,18:18:14,8.3,23.4,7.62,804,15,0
784,05/23/21,18:19:14,8.3,23.4,7.62,804,15,0
785,05/23/21,18:20:14,8.3,23.5,7.62,802,15,0
786,05/23/21,18:21:14,8.3,23.5,7.62,804,16,0
787,05/23/21,18:22:14,8.3,23.3,7.62,803,16,0
788,05/23/21,18:23:14,8.3,23.1,7.62,801,16,0
789,05/23/21,18:24:14,8.3,23,7.62,799,15,0
790,05/23/21,18:25:14,8.3,23.1,7.62,800,16,0
791,05/23/21,18:26:14,8.3,23.2,7.62,801,16,0
792,05/23/21,18:27:14,8.3,23.3,7.62,804,16,0
793,05/23/21,18:28:14,8.3,23.4,7.62,803,15,0
794,05/23/21,18:29:14,8.3,23.4,7.62,802,15,0
795,05/23/21,18:30:14,8.3,23.4,7.62,802,15,0
796,05/23/21,18:31:14,8.3,23.4,7.61,802,15,0
797,05/23/21,18:32:14,8.3,23.4,7.61,802,16,0
798,05/23/21,18:33:14,8.4,23.5,7.61,802,16,0
799,05/23/21,18:34:14,8.3,23.5,7.62,801,16,0
800,05/23/21,18:35:14,8.4,23.3,7.62,803,16,0
801,05/23/21,18:36:14,8.3,23,7.61,801,15,0
802,05/23/21,18:37:14,8.3,22.9,7.62,800,15,0
803,05/23/21,18:38:14,8.3,23.1,7.62,800,15,0
804,05/23/21,18:39:15,8.3,23.2,7.62,801,15,0
805,05/23/21,18:40:14,8.3,23.3,7.61,802,15,0
806,05/23/21,18:41:14,8.4,23.4,7.62,804,16,0
807,05/23/21,18:42:14,8.3,23.4,7.62,802,16,0
808,05/23/21,18:43:15,8.4,23.4,7.61,802,15,0
809,05/23/21,18:44:14,8.3,23.4,7.62,804,16,0
810,05/23/21,18:45:14,8.4,23.5,7.62,804,15,0
811,05/23/21,18:46:14,8.3,23.5,7.62,802,16,0
812,05/23/21,18:47:15,8.4,23.5,7.62,802,15,0
813,05/23/21,18:48:14,8.3,23.3,7.62,802,15,0
814,05/23/21,18:49:14,8.3,23.1,7.62,801,15,0
815,05/23/21,18:50:15,8.4,22.9,7.61,800,15,0
816,05/23/21,18:51:15,8.3,23.1,7.62,801,15,0
817,05/23/21,18:52:14,8.4,23.2,7.62,801,15,0
818,05/23/21,18:53:14,8.4,23.3,7.62,802,15,0
819,05/23/21,18:54:15,8.4,23.4,7.62,802,15,0
820,05/23/21,18:55:15,8.3,23.4,7.62,803,16,0
821,05/23/21,18:56:14,8.4,23.4,7.62,802,15,0
822,05/23/21,18:57:15,8.3,23.4,7.62,802,15,0
823,05/23/21,18:58:15,8.3,23.5,7.62,802,15,0
824,05/23/21,18:59:15,8.3,23.5,7.62,803,16,0
825,05/23/21,19:00:14,8.3,23.5,7.62,802,16,0
826,05/23/21,19:01:15,8.2,23.3,7.62,802,15,0
827,05/23/21,19:02:15,8.2,23.1,7.62,801,15,0
828,05/23/21,19:03:15,8.2,23,7.62,800,15,0
829,05/23/21,19:04:15,8.2,23.1,7.62,799,16,0
830,05/23/21,19:05:15,8.2,23.3,7.62,800,15,0
831,05/23/21,19:06:15,8.2,23.3,7.62,799,15,0
832,05/23/21,19:07:15,8.2,23.4,7.62,801,16,0
833,05/23/21,19:08:15,8.2,23.4,7.62,801,16,0
834,05/23/21,19:09:15,8.2,23.4,7.62,801,15,0
835,05/23/21,19:10:15,8.2,23.4,7.62,801,16,0
836,05/23/21,19:11:15,8.2,23.4,7.62,800,15,0
837,05/23/21,19:12:15,8.2,23.5,7.62,800,15,0
838,05/23/21,19:13:15,8.2,23.5,7.62,800,15,0
839,05/23/21,19:14:15,8.2,23.3,7.62,800,15,0
840,05/23/21,19:15:15,8.2,23.1,7.62,797,16,0
841,05/23/21,19:16:15,8.2,22.9,7.62,797,15,0
842,05/23/21,19:17:15,8.2,23.1,7.62,795,15,0
843,05/23/21,19:18:15,8.2,23.2,7.62,797,15,0
844,05/23/21,19:19:15,8.2,23.3,7.62,798,15,0
845,05/23/21,19:20:15,8.3,23.4,7.62,798,15,0
846,05/23/21,19:21:15,8.3,23.4,7.62,798,16,0
847,05/23/21,19:22:15,8.3,23.4,7.62,801,15,0
848,05/23/21,19:23:15,8.3,23.4,7.62,798,16,0
849,05/23/21,19:24:15,8.3,23.5,7.62,798,15,0
850,05/23/21,19:25:15,8.3,23.5,7.62,798,16,0
851,05/23/21,19:26:15,8.3,23.5,7.62,798,16,0
852,05/23/21,19:27:15,8.3,23.3,7.62,798,16,0
853,05/23/21,19:28:15,8.4,23.1,7.62,797,16,0
854,05/23/21,19:29:15,8.4,22.9,7.62,795,15,0
855,05/23/21,19:30:15,8.4,23.1,7.62,797,15,0
856,05/23/21,19:31:15,8.4,23.2,7.62,798,16,0
857,05/23/21,19:32:15,8.4,23.3,7.62,798,15,0
858,05/23/21,19:33:15,8.4,23.4,7.62,800,16,0
859,05/23/21,19:34:16,8.4,23.4,7.62,800,16,0
860,05/23/21,19:35:15,8.4,23.4,7.62,798,16,0
861,05/23/21,19:36:15,8.4,23.4,7.62,798,16,0
862,05/23/21,19:37:15,8.4,23.4,7.62,798,15,0
863,05/23/21,19:38:16,8.4,23.5,7.62,799,15,0
864,05/23/21,19:39:15,8.4,23.5,7.62,798,15,0
865,05/23/21,19:40:15,8.4,23.3,7.62,798,15,0
866,05/23/21,19:41:16,8.4,23.1,7.62,797,15,0
867,05/23/21,19:42:15,8.4,22.9,7.62,797,16,0
868,05/23/21,19:43:15,8.4,23.1,7.62,795,16,0
869,05/23/21,19:44:16,8.4,23.2,7.62,797,16,0
870,05/23/21,19:45:16,8.4,23.3,7.62,798,16,0
871,05/23/21,19:46:15,8.4,23.3,7.62,800,15,0
872,05/23/21,19:47:15,8.4,23.4,7.62,798,16,0
873,05/23/21,19:48:16,8.4,23.4,7.62,800,16,0
874,05/23/21,19:49:16,8.4,23.4,7.62,798,16,0
875,05/23/21,19:50:15,8.4,23.4,7.62,798,16,0
876,05/23/21,19:51:16,8.4,23.5,7.62,800,15,0
877,05/23/21,19:52:16,8.4,23.5,7.62,800,15,0
878,05/23/21,19:53:16,8.4,23.3,7.62,798,16,0
879,05/23/21,19:54:16,8.4,23.1,7.62,797,15,0
880,05/23/21,19:55:16,8.4,22.9,7.62,795,15,0
881,05/23/21,19:56:16,8.4,23.1,7.62,797,16,0
882,05/23/21,19:57:16,8.4,23.2,7.62,797,15,0
883,05/23/21,19:58:16,8.5,23.3,7.62,798,15,0
884,05/23/21,19:59:16,8.4,23.4,7.62,800,16,0
885,05/23/21,20:00:16,8.4,23.4,7.62,800,16,0
886,05/23/21,20:01:16,8.4,23.4,7.62,800,15,0
887,05/23/21,20:02:16,8.4,23.4,7.62,800,16,0
888,05/23/21,20:03:16,8.4,23.4,7.62,798,16,0
889,05/23/21,20:04:16,8.4,23.5,7.61,800,15,0
890,05/23/21,20:05:16,8.4,23.5,7.62,798,16,0
891,05/23/21,20:06:16,8.4,23.3,7.62,798,16,0
892,05/23/21,20:07:16,8.4,23.1,7.62,797,16,0
893,05/23/21,20:08:16,8.4,22.9,7.62,795,15,0
894,05/23/21,20:09:16,8.5,23.1,7.62,795,16,0
895,05/23/21,20:10:16,8.4,23.2,7.62,801,16,0
896,05/23/21,20:11:16,8.4,23.3,7.62,798,16,0
897,05/23/21,20:12:16,8.5,23.4,7.62,798,16,0
898,05/23/21,20:13:16,8.5,23.4,7.62,800,15,0
899,05/23/21,20:14:16,8.4,23.4,7.62,800,16,0
900,05/23/21,20:15:16,8.4,23.4,7.62,800,16,0
901,05/23/21,20:16:16,8.5,23.4,7.62,798,15,0
902,05/23/21,20:17:16,8.5,23.5,7.62,798,16,0
903,05/23/21,20:18:16,8.4,23.5,7.62,800,15,0
904,05/23/21,20:19:16,8.4,23.3,7.62,798,15,0
905,05/23/21,20:20:16,8.4,23.1,7.62,797,16,0
906,05/23/21,20:21:16,8.4,22.9,7.62,795,15,0
907,05/23/21,20:22:16,8.5,23.1,7.62,795,15,0
908,05/23/21,20:23:16,8.5,23.2,7.62,797,15,0
909,05/23/21,20:24:17,8.5,23.3,7.62,798,15,0
910,05/23/21,20:25:16,8.5,23.3,7.62,800,16,0
911,05/23/21,20:26:16,8.5,23.4,7.62,800,15,0
912,05/23/21,20:27:16,8.5,23.4,7.62,800,16,0
913,05/23/21,20:28:17,8.5,23.4,7.62,798,15,0
914,05/23/21,20:29:16,8.5,23.4,7.62,801,15,0
915,05/23/21,20:30:16,8.5,23.5,7.62,800,15,0
916,05/23/21,20:31:17,8.5,23.5,7.62,800,15,0
917,05/23/21,20:32:16,8.5,23.2,7.62,798,15,0
918,05/23/21,20:33:16,8.5,23.1,7.62,797,16,0
919,05/23/21,20:34:16,8.5,22.9,7.62,795,15,0
920,05/23/21,20:35:17,8.5,23.1,7.62,797,16,0
921,05/23/21,20:36:16,8.4,23.2,7.62,797,15,0
922,05/23/21,20:37:16,8.4,23.3,7.62,798,15,0
923,05/23/21,20:38:17,8.4,23.4,7.62,798,16,0
924,05/23/21,20:39:17,8.4,23.4,7.62,800,15,0
925,05/23/21,20:40:16,8.4,23.4,7.62,800,16,0
926,05/23/21,20:41:16,8.3,23.4,7.62,799,15,0
927,05/23/21,20:42:17,8.3,23.5,7.62,800,16,0
928,05/23/21,20:43:17,8.2,23.5,7.62,798,15,0
929,05/23/21,20:44:16,8.1,23.5,7.62,800,15,0
930,05/23/21,20:45:17,8.1,23.3,7.62,798,15,0
931,05/23/21,20:46:17,8.2,23.1,7.62,797,16,0
932,05/23/21,20:47:17,8.1,23,7.62,795,16,0
933,05/23/21,20:48:17,8.1,23.1,7.62,795,16,0
934,05/23/21,20:49:17,8.1,23.2,7.62,794,16,0
935,05/23/21,20:50:17,8.1,23.3,7.62,797,16,0
936,05/23/21,20:51:17,8.2,23.3,7.62,797,15,0
937,05/23/21,20:52:17,8.1,23.4,7.62,797,16,0
938,05/23/21,20:53:17,8.1,23.4,7.62,797,16,0
939,05/23/21,20:54:17,8.1,23.4,7.62,797,15,0
940,05/23/21,20:55:17,8.1,23.4,7.62,796,15,0
941,05/23/21,20:56:17,8.1,23.4,7.62,795,16,0
942,05/23/21,20:57:17,8.1,23.4,7.62,795,15,0
943,05/23/21,20:58:17,8.2,23.3,7.62,795,16,0
944,05/23/21,20:59:17,8.2,23.1,7.62,793,16,0
945,05/23/21,21:00:17,8.2,22.9,7.62,792,16,0
946,05/23/21,21:01:17,8.2,23.1,7.62,791,16,0
947,05/23/21,21:02:17,8.3,23.2,7.62,793,15,0
948,05/23/21,21:03:17,8.3,23.3,7.62,794,16,0
949,05/23/21,21:04:17,8.3,23.4,7.61,795,16,0
950,05/23/21,21:05:17,8.3,23.4,7.62,795,15,0
951,05/23/21,21:06:17,8.3,23.4,7.62,795,15,0
952,05/23/21,21:07:17,8.3,23.4,7.62,795,16,0
953,05/23/21,21:08:17,8.3,23.4,7.62,795,16,0
954,05/23/21,21:09:17,8.3,23.4,7.62,795,15,0
955,05/23/21,21:10:17,8.3,23.5,7.62,796,16,0
956,05/23/21,21:11:17,8.3,23.2,7.62,794,16,0
957,05/23/21,21:12:17,8.3,23.1,7.62,794,15,0
958,05/23/21,21:13:17,8.3,22.9,7.62,793,15,0
959,05/23/21,21:14:17,8.3,23.1,7.62,792,16,0
960,05/23/21,21:15:17,8.3,23.2,7.62,794,16,0
961,05/23/21,21:16:17,8.3,23.3,7.62,795,15,0
962,05/23/21,21:17:17,8.3,23.4,7.62,797,16,0
963,05/23/21,21:18:17,8.3,23.4,7.62,795,15,0
964,05/23/21,21:19:17,8.3,23.4,7.62,795,16,0
965,05/23/21,21:20:17,8.3,23.4,7.62,795,16,0
966,05/23/21,21:21:17,8.3,23.4,7.62,795,15,0
967,05/23/21,21:22:17,8.3,23.5,7.62,796,15,0
968,05/23/21,21:23:17,8.3,23.5,7.62,795,15,0
969,05/23/21,21:24:17,8.3,23.2,7.62,795,16,0
970,05/23/21,21:25:17,8.3,23,7.62,793,15,0
971,05/23/21,21:26:18,8.3,22.9,7.62,794,16,0
972,05/23/21,21:27:17,8.3,23.1,7.62,793,16,0
973,05/23/21,21:28:17,8.3,23.2,7.62,794,15,0
974,05/23/21,21:29:18,8.4,23.3,7.61,796,16,0
975,05/23/21,21:30:18,8.3,23.4,7.62,795,16,0
976,05/23/21,21:31:17,8.3,23.4,7.62,797,15,0
977,05/23/21,21:32:17,8.3,23.4,7.62,796,16,0
978,05/23/21,21:33:18,8.3,23.4,7.62,795,16,0
979,05/23/21,21:34:18,8.4,23.5,7.62,795,15,0
980,05/23/21,21:35:17,8.4,23.5,7.62,795,15,0
981,05/23/21,21:36:18,8.3,23.5,7.62,795,15,0
982,05/23/21,21:37:18,8.3,23.2,7.62,794,16,0
983,05/23/21,21:38:17,8.3,23,7.62,794,15,0
984,05/23/21,21:39:18,8.3,22.9,7.62,792,16,0
985,05/23/21,21:40:18,8.3,23.1,7.62,793,15,0
986,05/23/21,21:41:18,8.3,23.2,7.62,794,16,0
987,05/23/21,21:42:17,8.3,23.3,7.62,794,16,0
988,05/23/21,21:43:18,8.4,23.4,7.62,794,16,0
989,05/23/21,21:44:18,8.3,23.4,7.62,795,15,0
990,05/23/21,21:45:18,8.3,23.4,7.62,795,15,0
991,05/23/21,21:46:18,8.4,23.4,7.62,796,15,0
992,05/23/21,21:47:18,8.4,23.5,7.62,796,15,0
993,05/23/21,21:48:18,8.4,23.5,7.62,796,16,0
994,05/23/21,21:49:18,8.4,23.5,7.62,796,16,0
995,05/23/21,21:50:18,8.4,23.2,7.62,794,16,0
996,05/23/21,21:51:18,8.4,23,7.62,794,15,0
997,05/23/21,21:52:18,8.4,22.9,7.62,793,16,0
998,05/23/21,21:53:18,8.4,23.1,7.62,794,16,0
999,05/23/21,21:54:18,8.4,23.3,7.62,794,16,0
1000,05/23/21,21:55:18,8.4,23.3,7.62,795,15,0
1001,05/23/21,21:56:18,8.4,23.4,7.62,797,16,0
1002,05/23/21,21:57:18,8.4,23.4,7.62,795,15,0
1003,05/23/21,21:58:18,8.4,23.4,7.62,795,16,0
1004,05/23/21,21:59:18,8.4,23.4,7.62,795,15,0
1005,05/23/21,22:00:18,8.4,23.4,7.62,795,15,0
1006,05/23/21,22:01:18,8.4,23.5,7.62,795,16,0
1007,05/23/21,22:02:18,8.4,23.5,7.62,795,16,0
1008,05/23/21,22:03:18,8.4,23.2,7.61,795,15,0
1009,05/23/21,22:04:18,8.4,23,7.62,794,16,0
1010,05/23/21,22:05:18,8.4,22.9,7.62,793,16,0
1011,05/23/21,22:06:18,8.4,23.2,7.62,792,15,0
1012,05/23/21,22:07:18,8.4,23.3,7.62,794,15,0
1013,05/23/21,22:08:18,8.4,23.3,7.62,795,15,0
1014,05/23/21,22:09:19,8.4,23.4,7.62,795,16,0
1015,05/23/21,22:10:18,8.4,23.4,7.62,795,15,0
1016,05/23/21,22:11:18,8.4,23.4,7.62,795,16,0
1017,05/23/21,22:12:18,8.4,23.4,7.62,797,15,0
1018,05/23/21,22:13:19,8.4,23.4,7.62,797,16,0
1019,05/23/21,22:14:18,8.4,23.5,7.62,795,15,0
1020,05/23/21,22:15:18,8.4,23.5,7.62,795,15,0
1021,05/23/21,22:16:19,8.4,23.2,7.62,794,15,0
1022,05/23/21,22:17:18,8.4,23,7.62,794,16,0
1023,05/23/21,22:18:18,8.4,22.9,7.62,793,15,0
1024,05/23/21,22:19:19,8.4,23.1,7.62,793,15,0
1025,05/23/21,22:20:19,8.4,23.3,7.62,796,16,0
1026,05/23/21,22:21:18,8.2,23.3,7.62,796,15,0
1027,05/23/21,22:22:18,8.2,23.4,7.62,797,15,0
1028,05/23/21,22:23:19,8.2,23.4,7.62,796,15,0
1029,05/23/21,22:24:19,8.1,23.4,7.62,796,16,0
1030,05/23/21,22:25:18,8.1,23.4,7.62,797,15,0
1031,05/23/21,22:26:19,8.1,23.5,7.62,795,15,0
1032,05/23/21,22:27:19,8.1,23.5,7.62,794,16,0
1033,05/23/21,22:28:19,8.2,23.4,7.62,794,16,0
1034,05/23/21,22:29:18,8.1,23.2,7.62,793,15,0
1035,05/23/21,22:30:19,8.1,23,7.62,793,15,0
1036,05/23/21,22:31:19,8.1,23,7.62,791,16,0
1037,05/23/21,22:32:19,8.1,23.2,7.62,791,15,0
1038,05/23/21,22:33:19,8.1,23.3,7.62,793,15,0
1039,05/23/21,22:34:19,8.1,23.3,7.62,794,15,0
1040,05/23/21,22:35:19,8.1,23.4,7.62,797,16,0
1041,05/23/21,22:36:19,8.1,23.4,7.62,797,15,0
1042,05/23/21,22:37:19,8.1,23.4,7.62,799,15,0
1043,05/23/21,22:38:19,8.1,23.4,7.62,801,16,0
1044,05/23/21,22:39:19,8.2,23.4,7.62,800,15,0
1045,05/23/21,22:40:19,8.2,23.5,7.62,800,15,0
1046,05/23/21,22:41:19,8.2,23.4,7.62,798,15,0
1047,05/23/21,22:42:19,8.3,23.1,7.62,797,16,0
1048,05/23/21,22:43:19,8.3,23,7.62,796,16,0
1049,05/23/21,22:44:19,8.3,23,7.62,794,16,0
1050,05/23/21,22:45:19,8.3,23.2,7.62,796,15,0
1051,05/23/21,22:46:19,8.3,23.3,7.62,797,15,0
1052,05/23/21,22:47:19,8.3,23.3,7.62,798,16,0
1053,05/23/21,22:48:19,8.3,23.4,7.62,797,16,0
1054,05/23/21,22:49:19,8.3,23.4,7.62,798,16,0
1055,05/23/21,22:50:19,8.3,23.4,7.62,797,15,0
1056,05/23/21,22:51:19,8.3,23.4,7.62,797,16,0
1057,05/23/21,22:52:19,8.3,23.5,7.62,798,15,0
1058,05/23/21,22:53:19,8.3,23.5,7.62,798,15,0
1059,05/23/21,22:54:19,8.3,23.4,7.62,797,15,0
1060,05/23/21,22:55:19,8.3,23.1,7.62,795,15,0
1061,05/23/21,22:56:19,8.3,23,7.62,794,15,0
1062,05/23/21,22:57:19,8.3,23,7.62,794,15,0
1063,05/23/21,22:58:19,8.3,23.2,7.62,795,15,0
1064,05/23/21,22:59:19,8.3,23.3,7.62,797,16,0
1065,05/23/21,23:00:19,8.3,23.3,7.62,797,15,0
1066,05/23/21,23:01:19,8.3,23.4,7.62,798,15,0
1067,05/23/21,23:02:19,8.3,23.4,7.62,797,16,0
1068,05/23/21,23:03:20,8.3,23.4,7.62,798,16,0
1069,05/23/21,23:04:19,8.3,23.4,7.62,798,16,0
1070,05/23/21,23:05:19,8.3,23.5,7.59,798,15,0
1071,05/23/21,23:06:19,8.3,23.5,7.59,798,15,0
1072,05/23/21,23:07:20,8.3,23.4,7.59,797,15,0
1073,05/23/21,23:08:19,8.3,23.1,7.59,795,15,0
1074,05/23/21,23:09:19,8.3,23,7.59,796,16,0
1075,05/23/21,23:10:20,8.3,23,7.59,794,15,0
1076,05/23/21,23:11:19,8.3,23.2,7.59,796,15,0
1077,05/23/21,23:12:19,8.3,23.3,7.62,797,16,0
1078,05/23/21,23:13:20,8.4,23.3,7.62,797,16,0
1079,05/23/21,23:14:20,8.4,23.4,7.62,797,15,0
1080,05/23/21,23:15:20,8.4,23.4,7.62,797,15,0
1081,05/23/21,23:16:19,8.4,23.4,7.59,798,15,0
1082,05/23/21,23:17:20,8.3,23.4,7.59,797,15,0
1083,05/23/21,23:18:20,8.4,23.4,7.59,797,15,0
1084,05/23/21,23:19:20,8.4,23.5,7.59,797,16,0
1085,05/23/21,23:20:20,8.4,23.4,7.59,798,15,0
1086,05/23/21,23:21:20,8.4,23.1,7.59,795,16,0
1087,05/23/21,23:22:20,8.3,23,7.59,794,15,0
1088,05/23/21,23:23:20,8.4,23,7.59,794,16,0
1089,05/23/21,23:24:20,8.4,23.2,7.59,795,16,0
1090,05/23/21,23:25:20,8.4,23.3,7.59,797,15,0
1091,05/23/21,23:26:20,8.3,23.3,7.59,797,16,0
1092,05/23/21,23:27:20,8.3,23.4,7.59,798,16,0
1093,05/23/21,23:28:20,8.4,23.4,7.59,797,16,0
1094,05/23/21,23:29:20,8.4,23.4,7.59,797,15,0
1095,05/23/21,23:30:20,8.4,23.5,7.59,799,15,0
1096,05/23/21,23:31:20,8.3,23.5,7.59,797,15,0
1097,05/23/21,23:32:20,8.3,23.5,7.59,797,15,0
1098,05/23/21,23:33:20,8.4,23.3,7.59,797,16,0
1099,05/23/21,23:34:20,8.3,23.1,7.59,796,15,0
1100,05/23/21,23:35:20,8.4,23,7.59,796,16,0
1101,05/23/21,23:36:20,8.3,23.1,7.59,794,15,0
1102,05/23/21,23:37:20,8.4,23.2,7.59,796,15,0
1103,05/23/21,23:38:20,8.4,23.3,7.59,797,16,0
1104,05/23/21,23:39:20,8.4,23.4,7.59,797,15,0
1105,05/23/21,23:40:20,8.4,23.4,7.59,797,16,0
1106,05/23/21,23:41:20,8.3,23.4,7.59,797,16,0
1107,05/23/21,23:42:20,8.4,23.4,7.59,798,16,0
1108,05/23/21,23:43:20,8.4,23.4,7.59,798,15,0
1109,05/23/21,23:44:20,8.4,23.4,7.59,797,16,0
1110,05/23/21,23:45:20,8.4,23.5,7.59,797,15,0
1111,05/23/21,23:46:20,8.4,23.3,7.59,797,15,0
1112,05/23/21,23:47:20,8.4,23.1,7.59,795,15,0
1113,05/23/21,23:48:20,8.4,23,7.59,794,15,0
1114,05/23/21,23:49:20,8.4,23.1,7.59,794,16,0
1115,05/23/21,23:50:20,8.4,23.2,7.59,797,15,0
1116,05/23/21,23:51:20,8.4,23.3,7.59,797,16,0
1117,05/23/21,23:52:20,8.4,23.4,7.59,797,16,0
1118,05/23/21,23:53:20,8.4,23.4,7.59,798,16,0
1119,05/23/21,23:54:20,8.4,23.4,7.59,797,16,0
1120,05/23/21,23:55:20,8.4,23.4,7.59,798,15,0
1121,05/23/21,23:56:20,8.4,23.4,7.59,797,15,0
1122,05/22/21,11:15:36,8.3,23.3,7.62,804,15,0
1123,05/22/21,11:16:36,8.3,23.1,7.62,800,15,0
1124,05/22/21,11:17:36,8.3,22.9,7.62,798,16,0
1125,05/22/21,11:18:36,8.3,23.1,7.61,800,15,0
1126,05/22/21,11:19:36,8.3,23.2,7.62,800,16,0
1127,05/22/21,11:20:36,8.3,23.3,7.62,804,16,0
1128,05/22/21,11:21:36,8.2,23.3,7.62,802,15,0
1129,05/22/21,11:22:36,8.2,23.4,7.62,802,16,0
1130,05/22/21,11:23:36,8.1,23.4,7.62,802,15,0
1131,05/22/21,11:24:36,8.1,23.4,7.62,803,15,0
1132,05/22/21,11:25:36,8.2,23.5,7.62,802,16,0
1133,05/22/21,11:26:36,8.1,23.5,7.62,801,15,0
1134,05/22/21,11:27:36,8.1,23.5,7.62,800,16,0
1135,05/22/21,11:28:36,8.1,23.2,7.62,801,16,0
1136,05/22/21,11:29:36,8.1,23,7.62,798,15,0
1137,05/22/21,11:30:36,8.1,22.9,7.62,797,15,0
1138,05/22/21,11:31:36,8.1,23.1,7.62,798,15,0
1139,05/22/21,11:32:36,8.1,23.2,7.62,798,15,0
1140,05/22/21,11:33:36,8.1,23.3,7.61,800,16,0
1141,05/22/21,11:34:37,8.1,23.3,7.62,798,15,0
1142,05/22/21,11:35:36,8.1,23.4,7.61,800,15,0
1143,05/22/21,11:36:36,8.1,23.4,7.62,800,15,0
1144,05/22/21,11:37:36,8.1,23.4,7.62,799,15,0
1145,05/22/21,11:38:37,8.1,23.4,7.62,798,15,0
1146,05/22/21,11:39:36,9.6,23.5,7.62,798,16,0
1147,05/22/21,11:40:37,12,23.5,7.62,798,15,0
1148,05/22/21,11:41:37,12.3,23.6,7.62,798,15,0
1149,05/22/21,11:42:36,12.3,23.7,7.61,798,16,0
1150,05/22/21,11:43:36,12.3,23.8,7.59,798,15,0
1151,05/22/21,11:44:37,12.3,23.9,7.59,798,15,0
1152,05/22/21,11:45:37,12.3,23.9,7.59,798,15,0
1153,05/22/21,11:46:36,12.3,24,7.59,798,15,0
1154,05/22/21,11:47:37,12.3,24,7.58,798,15,0
1155,05/22/21,11:48:37,7.5,24.1,7.56,798,15,0
1156,05/22/21,11:49:36,12.3,24.2,7.56,798,16,0
1157,05/22/21,11:50:37,12.3,24.2,7.56,798,15,0
1158,05/22/21,11:51:37,12.3,24.1,7.56,797,16,0
1159,05/22/21,11:52:37,12.3,24.1,7.56,797,16,0
1160,05/22/21,11:53:37,12.3,24,7.56,797,16,0
1161,05/22/21,11:54:37,12.3,23.8,7.56,795,15,0
1162,05/22/21,11:55:37,12.3,23.7,7.56,794,15,0
1163,05/22/21,11:56:37,12.3,23.5,7.56,794,16,0
1164,05/22/21,11:57:37,12.3,23.4,7.56,795,16,0
1165,05/22/21,11:58:37,12.3,23.2,7.56,795,15,0
1166,05/22/21,11:59:37,12.3,23.1,7.59,796,15,0
1167,05/22/21,12:00:37,12.3,22.9,7.59,795,16,0
1168,05/22/21,12:01:37,12.3,22.8,7.62,797,15,0
1169,05/22/21,12:02:37,12.3,22.7,7.62,798,16,0
1170,05/22/21,12:03:37,12.3,22.5,7.64,798,15,0
1171,05/22/21,12:04:37,12.3,22.4,7.64,800,15,0
1172,05/22/21,12:05:37,12.3,22.3,7.67,801,16,0
1173,05/22/21,12:06:37,12.3,22.1,7.67,801,15,0
1174,05/22/21,12:07:37,12.3,22,7.7,802,15,0
1175,05/22/21,12:08:37,12.3,21.9,7.72,804,15,0
1176,05/22/21,12:09:37,12.3,21.8,7.72,805,15,0
1177,05/22/21,12:10:37,12.3,21.7,7.72,806,16,0
1178,05/22/21,12:11:37,12.3,21.7,7.75,808,15,0
1179,05/22/21,12:12:37,12.3,21.7,7.75,811,15,0
1180,05/22/21,12:13:37,12.3,21.8,7.75,809,15,0
1181,05/22/21,12:14:37,12.3,21.8,7.75,810,15,0
1182,05/22/21,12:15:37,12.3,21.9,7.75,811,16,0
1183,05/22/21,12:16:37,12.3,21.9,7.75,812,15,0
1184,05/22/21,12:17:37,12.3,22,7.75,812,15,0
1185,05/22/21,12:18:37,12.3,22.1,7.75,812,16,0
1186,05/22/21,12:19:37,12.3,22.2,7.73,814,16,0
1187,05/22/21,12:20:37,9.2,22.4,7.73,813,16,0
1188,05/22/21,12:21:38,12.3,22.6,7.73,815,16,0
1189,05/22/21,12:22:37,12.3,22.7,7.7,815,15,0
1190,05/22/21,12:23:37,12.3,23,7.7,816,16,0
1191,05/22/21,12:24:38,12.3,23.2,7.7,815,16,0
1192,05/22/21,12:25:37,12.3,23.4,7.67,816,15,0
1193,05/22/21,12:26:37,7.6,23.6,7.67,816,15,0
1194,05/22/21,12:27:38,12.3,23.8,7.67,816,16,0
1195,05/22/21,12:28:37,7.6,23.9,7.64,816,16,0
1196,05/22/21,12:29:37,12.3,24.2,7.64,818,16,0
1197,05/22/21,12:30:38,7.5,24.4,7.64,816,15,0
1198,05/22/21,12:31:37,7.5,24.6,7.61,816,16,0
1199,05/22/21,12:32:37,7.6,24.8,7.62,816,15,0
1200,05/22/21,12:33:38,11.5,24.9,7.62,816,16,0
1201,05/22/21,12:34:38,7.4,25,7.62,816,15,0
1202,05/22/21,12:35:37,12.3,25.1,7.62,815,15,0
1203,05/22/21,12:36:38,12.3,25.1,7.59,815,15,0
1204,05/22/21,12:37:38,12.3,25.2,7.59,815,15,0
1205,05/22/21,12:38:37,7.4,25.2,7.59,815,16,0
1206,05/22/21,12:39:37,12.3,25.2,7.59,813,15,0
1207,05/22/21,12:40:37,12.3,25.3,7.59,813,15,0
1208,05/22/21,12:41:38,12.3,25.3,7.59,813,16,0
1209,05/22/21,12:42:38,12.3,25.3,7.59,813,15,0
1210,05/22/21,12:43:37,12.3,25.3,7.59,812,15,0
1211,05/22/21,12:44:38,12.3,25.2,7.59,812,15,0
1212,05/22/21,12:45:38,12.3,25.1,7.59,812,15,0
1213,05/22/21,12:46:37,12.3,24.9,7.59,811,15,0
1214,05/22/21,12:47:38,12.3,24.8,7.59,809,15,0
1215,05/22/21,12:48:38,12.3,24.6,7.59,809,15,0
1216,05/22/21,12:49:38,12.3,24.4,7.59,809,16,0
1217,05/22/21,12:50:38,12.3,24.3,7.62,808,15,0
1218,05/22/21,12:51:38,10.2,23,7.62,809,15,0
1219,05/22/21,12:52:38,8.3,21,7.62,798,15,0
1220,05/22/21,12:53:38,8.1,21.7,7.62,794,15,0
1221,05/22/21,12:54:38,8.1,22.3,7.64,798,16,0
1222,05/22/21,12:55:38,8.2,22.6,7.65,803,15,0
1223,05/22/21,12:56:38,8.2,22.8,7.64,805,15,0
1224,05/22/21,12:57:38,8.2,22.9,7.65,807,16,0
1225,05/22/21,12:58:38,8.3,22.9,7.64,807,16,0
1226,05/22/21,12:59:38,8.3,23,7.62,803,15,0
1227,05/22/21,13:00:38,8.2,23,7.62,807,15,0
1228,05/22/21,13:01:38,8.2,23,7.62,808,16,0
1229,05/22/21,13:02:38,8.1,23.1,7.59,808,15,0
1230,05/22/21,13:03:38,8.1,23.1,7.59,807,15,0
1231,05/22/21,13:04:38,8.1,23.1,7.59,807,15,0
1232,05/22/21,13:05:38,8.1,23.1,7.59,807,16,0
1233,05/22/21,13:06:38,8.1,23.1,7.56,805,16,0
1234,05/22/21,13:07:38,8.1,23.1,7.56,805,15,0
1235,05/22/21,13:08:38,8.1,23.1,7.56,805,15,0
1236,05/22/21,13:09:38,8.1,23.1,7.56,805,16,0
1237,05/22/21,13:10:38,8.1,23.2,7.56,805,15,0
1238,05/22/21,13:11:38,8.1,23.2,7.59,805,16,0
1239,05/22/21,13:12:38,8.1,23.2,7.59,805,16,0
1240,05/22/21,13:13:38,8.1,23.2,7.59,804,15,0
1241,05/22/21,13:14:38,8.1,23.2,7.59,805,15,0
1242,05/22/21,13:15:38,8.1,23.2,7.59,805,16,0
1243,05/22/21,13:16:39,8.1,23.2,7.59,805,15,0
1244,05/22/21,13:17:38,8.1,23.2,7.59,804,16,0
1245,05/22/21,13:18:38,8.1,23.2,7.59,804,15,0
1246,05/22/21,13:19:39,8.2,23.2,7.59,805,16,0
1247,05/22/21,13:20:38,8.2,23.3,7.62,805,15,0
1248,05/22/21,13:21:38,8.3,23.3,7.62,805,15,0
1249,05/22/21,13:22:38,8.3,23.3,7.62,804,15,0
1250,05/22/21,13:23:39,8.3,23.3,7.59,805,15,0
1251,05/22/21,13:24:39,8.3,23.3,7.62,805,15,0
1252,05/22/21,13:25:38,8.3,23.3,7.62,805,15,0
1253,05/22/21,13:26:38,8.3,23.3,7.62,805,15,0
1254,05/22/21,13:27:39,8.3,23.4,7.62,807,15,0
1255,05/22/21,13:28:38,8.3,23.4,7.62,806,16,0
1256,05/22/21,13:29:38,8.3,23.4,7.62,806,15,0
1257,05/22/21,13:30:39,8.3,23.4,7.62,806,16,0
1258,05/22/21,13:31:38,8.4,23.4,7.62,807,16,0
1259,05/22/21,13:32:39,8.3,23.4,7.62,808,16,0
1260,05/22/21,13:33:39,8.3,23.4,7.62,808,15,0
1261,05/22/21,13:34:38,8.4,23.4,7.62,808,15,0
1262,05/22/21,13:35:39,8.4,23.4,7.62,808,15,0
1263,05/22/21,13:36:39,8.4,23.3,7.62,809,15,0
1264,05/22/21,13:37:39,8.4,23.1,7.62,808,15,0
1265,05/22/21,13:38:39,8.4,22.9,7.62,806,15,0
1266,05/22/21,13:39:39,8.4,23.1,7.62,807,16,0
1267,05/22/21,13:40:39,8.4,23.2,7.62,808,15,0
1268,05/22/21,13:41:39,8.4,23.3,7.64,809,15,0
1269,05/22/21,13:42:39,8.4,23.3,7.64,811,15,0
1270,05/22/21,13:43:39,8.4,23.4,7.65,809,16,0
1271,05/22/21,13:44:39,8.4,23.4,7.64,809,15,0
1272,05/22/21,13:45:39,8.4,23.4,7.62,811,15,0
1273,05/22/21,13:46:39,8.4,23.4,7.62,811,16,0
1274,05/22/21,13:47:39,8.4,23.4,7.62,809,15,0
1275,05/22/21,13:48:39,8.4,23.5,7.62,809,16,0
1276,05/22/21,13:49:39,8.4,23.4,7.62,809,16,0
1277,05/22/21,13:50:39,8.4,23.1,7.62,808,15,0
1278,05/22/21,13:51:39,8.4,23,7.62,806,15,0
1279,05/22/21,13:52:39,8.4,23,7.62,808,15,0
1280,05/22/21,13:53:39,8.4,23.2,7.62,808,15,0
1281,05/22/21,13:54:39,8.4,23.3,7.62,808,15,0
1282,05/22/21,13:55:39,8.4,23.3,7.62,810,15,0
1283,05/22/21,13:56:39,8.4,23.4,7.62,809,15,0
1284,05/22/21,13:57:39,8.4,23.4,7.62,809,16,0
1285,05/22/21,13:58:39,8.4,23.4,7.62,809,16,0
1286,05/22/21,13:59:39,8.4,23.4,7.62,810,15,0
1287,05/22/21,14:00:39,8.4,23.4,7.62,809,15,0
1288,05/22/21,14:01:39,8.4,23.5,7.62,809,15,0
1289,05/22/21,14:02:39,8.4,23.3,7.62,809,15,0
1290,05/22/21,14:03:39,8.4,23.1,7.62,808,15,0
1291,05/22/21,14:04:39,8.4,23,7.62,807,15,0
1292,05/22/21,14:05:39,8.4,23.1,7.62,807,16,0
1293,05/22/21,14:06:39,8.4,23.2,7.62,808,16,0
1294,05/22/21,14:07:39,8.4,23.3,7.62,809,15,0
1295,05/22/21,14:08:39,8.5,23.3,7.62,810,15,0
1296,05/22/21,14:09:40,8.4,23.4,7.62,809,15,0
1297,05/22/21,14:10:39,8.4,23.4,7.62,809,15,0
1298,05/22/21,14:11:39,8.4,23.4,7.62,810,15,0
1299,05/22/21,14:12:39,8.4,23.4,7.62,809,15,0
1300,05/22/21,14:13:40,8.4,23.5,7.62,809,16,0
1301,05/22/21,14:14:39,8.5,23.5,7.62,809,15,0
1302,05/22/21,14:15:39,8.4,23.3,7.62,809,15,0
1303,05/22/21,14:16:40,8.4,23.1,7.62,807,16,0
1304,05/22/21,14:17:40,8.4,22.9,7.62,807,15,0
1305,05/22/21,14:18:39,8.4,23.1,7.62,807,15,0
1306,05/22/21,14:19:39,8.4,23.2,7.62,809,15,0
1307,05/22/21,14:20:40,8.4,23.3,7.62,809,15,0
1308,05/22/21,14:21:40,8.4,23.3,7.62,809,16,0
1309,05/22/21,14:22:39,8.4,23.4,7.62,809,15,0
1310,05/22/21,14:23:40,8.4,23.4,7.62,809,15,0
1311,05/22/21,14:24:40,8.4,23.4,7.62,809,15,0
1312,05/22/21,14:25:39,8.4,23.4,7.62,810,15,0
1313,05/22/21,14:26:39,9.8,23.5,7.61,809,15,0
1314,05/22/21,14:27:40,12.2,23.5,7.62,811,16,0
1315,05/22/21,14:28:40,12.4,23.6,7.62,810,16,0
1316,05/22/21,14:29:40,7.5,23.7,7.62,811,15,0
1317,05/22/21,14:30:39,12.4,23.8,7.62,810,15,0
1318,05/22/21,14:31:40,12.3,23.9,7.59,811,16,0
1319,05/22/21,14:32:40,12.3,23.9,7.59,810,15,0
1320,05/22/21,14:33:40,12.3,24,7.59,811,15,0
1321,05/22/21,14:34:40,12.3,24.1,7.59,811,16,0
1322,05/22/21,14:35:40,12.3,24.1,7.59,811,15,0
1323,05/22/21,14:36:40,12.3,24.2,7.56,810,16,0
1324,05/22/21,14:37:40,12.3,24.2,7.56,811,15,0
1325,05/22/21,14:38:40,12.3,24.1,7.56,809,15,0
1326,05/22/21,14:39:40,12.3,24.1,7.56,809,15,0
1327,05/22/21,14:40:40,12,23.8,7.56,808,15,0
1328,05/22/21,14:41:40,11.8,23.5,7.56,805,15,0
1329,05/22/21,14:42:40,11.4,23.2,7.56,804,16,0
1330,05/22/21,14:43:40,11.1,22.9,7.56,804,16,0
1331,05/22/21,14:44:40,10.8,22.6,7.59,805,16,0
1332,05/22/21,14:45:40,10.6,22.3,7.59,807,15,0
1333,05/22/21,14:46:40,10.4,22,7.62,808,15,0
1334,05/22/21,14:47:40,10.2,21.9,7.64,811,16,0
1335,05/22/21,14:48:40,9.9,21.7,7.67,811,15,0
1336,05/22/21,14:49:40,9.7,21.6,7.7,812,15,0
1337,05/22/21,14:50:40,9.5,21.5,7.73,815,15,0
1338,05/22/21,14:51:40,9.3,21.6,7.75,818,15,0
1339,05/22/21,14:52:40,9.1,21.6,7.75,819,16,0
1340,05/22/21,14:53:40,8.9,21.7,7.75,821,15,0
1341,05/22/21,14:54:40,8.7,21.7,7.78,823,15,0
1342,05/22/21,14:55:40,8.3,21.7,7.78,823,15,0
1343,05/22/21,14:56:40,8.2,21.8,7.78,824,15,0
1344,05/22/21,14:57:40,8.2,21.8,7.78,826,16,0
1345,05/22/21,14:58:40,8.1,22,7.78,825,15,0
1346,05/22/21,14:59:40,8.3,22.1,7.78,826,16,0
1347,05/22/21,15:00:40,8.3,22.3,7.75,827,15,0
1348,05/22/21,15:01:40,8.3,22.5,7.75,827,16,0
1349,05/22/21,15:02:40,8.3,22.6,7.75,829,16,0
1350,05/22/21,15:03:41,3.1,24.1,7.73,829,15,0
1351,05/22/21,15:04:40,3.4,24,7.73,830,16,0
1352,05/22/21,15:05:40,3.1,23.8,7.73,826,14,0
1353,05/22/21,15:06:41,3.2,23.7,7.7,822,16,0
1354,05/22/21,15:07:40,3.8,23.6,7.7,818,16,0
1355,05/22/21,15:08:40,4.6,23.6,7.67,815,15,0
1356,05/22/21,15:09:41,5.3,23.6,7.64,812,15,0
1357,05/22/21,15:10:41,5.9,23.6,7.65,811,16,0
1358,05/22/21,15:11:40,6.4,23.6,7.62,808,15,0
1359,05/22/21,15:12:41,7.1,23.6,7.62,807,16,0
1360,05/22/21,15:13:41,7.6,23.6,7.62,807,16,0
1361,05/22/21,15:14:40,8,23.5,7.59,805,16,0
1362,05/22/21,15:15:41,8.1,23.2,7.59,802,16,0
1363,05/22/21,15:16:41,8.2,23,7.59,801,15,0
1364,05/22/21,15:17:41,8.2,23,7.59,799,15,0
1365,05/22/21,15:18:40,8.2,23.2,7.59,801,15,0
1366,05/22/21,15:19:41,8.2,23.3,7.59,802,15,0
1367,05/22/21,15:20:41,8.3,23.4,7.59,804,16,0
1368,05/22/21,15:21:41,8.4,23.4,7.59,804,15,0
1369,05/22/21,15:22:41,8.5,23.5,7.56,805,15,0
1370,05/22/21,15:23:41,8.5,23.5,7.56,806,16,0
1371,05/22/21,15:24:41,8.5,23.5,7.56,807,15,0
1372,05/22/21,15:25:41,8.5,23.6,7.59,807,16,0
1373,05/22/21,15:26:41,8.5,23.6,7.59,808,15,0
1374,05/22/21,15:27:41,8.5,23.5,7.59,809,15,0
1375,05/22/21,15:28:41,8.5,23.3,7.59,807,15,0
1376,05/22/21,15:29:41,8.5,23.1,7.59,805,15,0
1377,05/22/21,15:30:41,8.4,23,7.62,805,15,0
1378,05/22/21,15:31:41,8.5,23.1,7.62,805,15,0
1379,05/22/21,15:32:41,8.4,23.2,7.62,808,16,0
1380,05/22/21,15:33:41,8.5,23.3,7.62,808,15,0
1381,05/22/21,15:34:41,8.5,23.4,7.62,811,15,0
1382,05/22/21,15:35:41,8.5,23.4,7.62,811,15,0
1383,05/22/21,15:36:41,8.5,23.5,7.62,810,15,0
1384,05/22/21,15:37:41,8.5,23.5,7.61,811,15,0
1385,05/22/21,15:38:41,8.5,23.5,7.62,809,15,0
1386,05/22/21,15:39:41,8.5,23.5,7.62,811,16,0
1387,05/22/21,15:40:41,8.4,23.5,7.65,811,15,0
1388,05/22/21,15:41:41,8.5,23.4,7.64,811,16,0
1389,05/22/21,15:42:41,8.4,23.2,7.64,809,15,0
1390,05/22/21,15:43:41,8.4,23,7.64,809,15,0
1391,05/22/21,15:44:41,8.4,23,7.64,808,15,0
1392,05/22/21,15:45:41,8.4,23.2,7.64,808,16,0
1393,05/22/21,15:46:41,8.5,23.3,7.64,809,15,0
1394,05/22/21,15:47:41,8.4,23.4,7.65,809,15,0
1395,05/22/21,15:48:41,8.5,23.4,7.64,810,15,0
1396,05/22/21,15:49:41,8.5,23.4,7.64,809,15,0
1397,05/22/21,15:50:41,8.5,23.5,7.62,810,15,0
1398,05/22/21,15:51:41,8.5,23.5,7.62,811,16,0
1399,05/22/21,15:52:41,8.5,23.5,7.62,811,16,0
1400,05/22/21,15:53:41,8.5,23.5,7.62,809,16,0
1401,05/22/21,15:54:41,8.5,23.5,7.62,809,16,0
1402,05/22/21,15:55:41,8.4,23.2,7.62,809,16,0
1403,05/22/21,15:56:41,8.4,23.1,7.62,808,16,0
1404,05/22/21,15:57:41,8.4,23,7.62,807,15,0
1405,05/22/21,15:58:42,8.4,23.1,7.62,807,15,0
1406,05/22/21,15:59:42,8.4,23.2,7.64,808,15,0
1407,05/22/21,16:00:41,8.4,23.3,7.64,810,16,0
1408,05/22/21,16:01:41,8.4,23.4,7.64,811,15,0
1409,05/22/21,16:02:41,8.4,23.4,7.65,811,15,0
1410,05/22/21,16:03:42,8.4,23.4,7.64,811,16,0
1411,05/22/21,16:04:42,8.4,23.5,7.62,811,16,0
1412,05/22/21,16:05:42,8.4,23.5,7.65,809,16,0
1413,05/22/21,16:06:41,8.4,23.5,7.62,809,15,0
1414,05/22/21,16:07:42,8.4,23.5,7.62,809,15,0
1415,05/22/21,16:08:42,8.4,23.3,7.62,809,15,0
1416,05/22/21,16:09:42,8.4,23.1,7.62,808,15,0
1417,05/22/21,16:10:42,8.4,23,7.64,807,16,0
1418,05/22/21,16:11:42,8.4,23.1,7.64,807,15,0
1419,05/22/21,16:12:41,8.4,23.2,7.64,808,16,0
1420,05/22/21,16:13:42,8.4,23.3,7.64,809,15,0
1421,05/22/21,16:14:42,8.4,23.4,7.64,811,15,0
1422,05/22/21,16:15:42,8.4,23.4,7.64,809,16,0
1423,05/22/21,16:16:42,8.4,23.4,7.64,810,16,0
1424,05/22/21,16:17:42,8.4,23.4,7.64,809,15,0
1425,05/22/21,16:18:42,8.4,23.5,7.64,811,16,0
1426,05/22/21,16:19:42,8.4,23.5,7.64,811,15,0
1427,05/22/21,16:20:42,8.3,23.5,7.64,809,16,0
1428,05/22/21,16:21:42,8.2,23.3,7.62,809,15,0
1429,05/22/21,16:22:42,8.1,23.1,7.64,808,16,0
1430,05/22/21,16:23:42,8.1,23,7.64,808,15,0
1431,05/22/21,16:24:42,8.1,23,7.64,807,15,0
1432,05/22/21,16:25:42,8.1,23.2,7.64,807,16,0
1433,05/22/21,16:26:42,8.1,23.3,7.64,808,15,0
1434,05/22/21,16:27:42,8.1,23.3,7.64,808,15,0
1435,05/22/21,16:28:42,8.1,23.4,7.65,809,16,0
1436,05/22/21,16:29:42,8.1,23.4,7.64,808,15,0
1437,05/22/21,16:30:42,8.1,23.4,7.64,808,16,0
1438,05/22/21,16:31:42,8.1,23.4,7.64,808,15,0
1439,05/22/21,16:32:42,8.1,23.4,7.65,808,15,0
1440,05/22/21,16:33:42,8.1,23.4,7.64,807,16,0
1441,05/22/21,16:34:42,8.1,23.4,7.64,807,15,0
1442,05/22/21,16:35:42,8.1,23.1,7.64,807,15,0
1443,05/22/21,16:36:42,8.1,23,7.65,804,16,0
1444,05/22/21,16:37:42,8.1,23,7.64,803,16,0
1445,05/22/21,16:38:42,8.1,23.2,7.64,804,15,0
1446,05/22/21,16:39:42,8.1,23.3,7.64,805,15,0
1447,05/22/21,16:40:42,8.2,23.3,7.64,805,16,0
1448,05/22/21,16:41:42,8.2,23.4,7.64,805,15,0
1449,05/22/21,16:42:42,8.3,23.4,7.64,805,15,0
1450,05/22/21,16:43:42,8.3,23.4,7.64,805,15,0
1451,05/22/21,16:44:42,8.3,23.4,7.64,807,16,0
1452,05/22/21,16:45:42,8.3,23.5,7.64,805,16,0
1453,05/22/21,16:46:42,8.3,23.5,7.64,805,15,0
1454,05/22/21,16:47:42,8.3,23.4,7.64,805,15,0
1455,05/22/21,16:48:43,8.3,23.1,7.65,804,16,0
1456,05/22/21,16:49:42,8.3,23,7.64,804,15,0
1457,05/22/21,16:50:42,8.3,23,7.65,802,16,0
1458,05/22/21,16:51:42,8.3,23.2,7.64,804,15,0
1459,05/22/21,16:52:43,8.3,23.3,7.64,805,15,0
1460,05/22/21,16:53:42,8.3,23.3,7.64,805,15,0
1461,05/22/21,16:54:42,8.3,23.4,7.64,807,15,0
1462,05/22/21,16:55:43,8.3,23.4,7.64,807,16,0
1463,05/22/21,16:56:42,8.3,23.4,7.64,806,15,0
1464,05/22/21,16:57:42,8.3,23.4,7.65,807,15,0
1465,05/22/21,16:58:43,8.3,23.5,7.64,807,16,0
1466,05/22/21,16:59:43,8.3,23.5,7.64,807,16,0
1467,05/22/21,17:00:42,8.3,23.3,7.64,807,16,0
1468,05/22/21,17:01:43,8.3,23.1,7.64,805,15,0
1469,05/22/21,17:02:43,8.3,23,7.65,804,16,0
1470,05/22/21,17:03:42,8.3,23,7.64,802,15,0
1471,05/22/21,17:04:43,8.3,23.2,7.64,804,15,0
1472,05/22/21,17:05:43,8.3,23.3,7.64,805,16,0
1473,05/22/21,17:06:43,8.3,23.3,7.65,807,15,0
1474,05/22/21,17:07:43,8.3,23.4,7.64,807,15,0
1475,05/22/21,17:08:43,8.3,23.4,7.65,807,16,0
1476,05/22/21,17:09:43,8.3,23.4,7.64,807,16,0
1477,05/22/21,17:10:43,8.3,23.4,7.64,807,15,0
1478,05/22/21,17:11:43,8.3,23.4,7.64,807,16,0
1479,05/22/21,17:12:43,8.4,23.5,7.64,807,15,0
1480,05/22/21,17:13:43,8.3,23.4,7.64,807,15,0
1481,05/22/21,17:14:43,8.3,23.1,7.64,805,16,0
1482,05/22/21,17:15:43,8.3,23,7.64,804,15,0
1483,05/22/21,17:16:43,8.3,23,7.64,803,16,0
1484,05/22/21,17:17:43,8.3,23.2,7.64,804,16,0
1485,05/22/21,17:18:43,8.3,23.3,7.64,805,15,0
1486,05/22/21,17:19:43,8.3,23.3,7.64,806,16,0
1487,05/22/21,17:20:43,8.4,23.4,7.64,807,16,0
1488,05/22/21,17:21:43,8.4,23.4,7.64,807,16,0
1489,05/22/21,17:22:43,8.3,23.4,7.64,807,15,0
1490,05/22/21,17:23:43,8.3,23.4,7.64,806,15,0
1491,05/22/21,17:24:43,8.3,23.5,7.64,807,15,0
1492,05/22/21,17:25:43,8.4,23.5,7.64,807,15,0
1493,05/22/21,17:26:43,8.3,23.3,7.65,807,15,0
1494,05/22/21,17:27:43,8.3,23.1,7.64,805,15,0
1495,05/22/21,17:28:43,8.3,23,7.64,804,15,0
1496,05/22/21,17:29:43,8.3,23,7.64,805,15,0
1497,05/22/21,17:30:43,8.3,23.2,7.64,804,15,0
1498,05/22/21,17:31:43,8.3,23.3,7.64,807,15,0
1499,05/22/21,17:32:43,8.3,23.4,7.64,807,15,0
1500,05/22/21,17:33:43,8.4,23.4,7.64,807,15,0
1501,05/22/21,17:34:43,8.3,23.4,7.64,807,16,0
1502,05/22/21,17:35:43,8.3,23.4,7.64,807,15,0
1503,05/22/21,17:36:43,8.3,23.4,7.64,806,15,0
1504,05/22/21,17:37:43,8.3,23.5,7.64,807,15,0
1505,05/22/21,17:38:43,8.3,23.5,7.64,806,15,0
1506,05/22/21,17:39:43,8.3,23.3,7.64,807,15,0
1507,05/22/21,17:40:43,8.3,23.1,7.64,807,16,0
1508,05/22/21,17:41:44,8.3,23,7.64,803,15,0
1509,05/22/21,17:42:43,8.3,23,7.64,804,15,0
1510,05/22/21,17:43:43,8.3,23.2,7.64,805,15,0
1511,05/22/21,17:44:44,8.3,23.3,7.64,805,16,0
1512,05/22/21,17:45:43,8.3,23.3,7.64,807,15,0
1513,05/22/21,17:46:43,8.3,23.4,7.64,806,16,0
1514,05/22/21,17:47:44,8.3,23.4,7.64,808,15,0
1515,05/22/21,17:48:44,8.3,23.4,7.64,807,15,0
1516,05/22/21,17:49:43,8.3,23.4,7.64,807,15,0
1517,05/22/21,17:50:44,8.3,23.5,7.64,807,15,0
1518,05/22/21,17:51:44,8.3,23.5,7.64,807,16,0
1519,05/22/21,17:52:43,8.3,23.3,7.64,806,15,0
1520,05/22/21,17:53:44,8.3,23.1,7.64,805,15,0
1521,05/22/21,17:54:44,8.3,23,7.64,804,16,0
1522,05/22/21,17:55:43,8.3,23.1,7.64,804,16,0
1523,05/22/21,17:56:44,8.3,23.2,7.64,805,16,0
1524,05/22/21,17:57:44,8.3,23.3,7.64,805,15,0
1525,05/22/21,17:58:44,8.3,23.3,7.64,806,15,0
1526,05/22/21,17:59:44,8.3,23.4,7.64,806,15,0
1527,05/22/21,18:00:44,8.3,23.4,7.64,807,15,0
1528,05/22/21,18:01:44,8.2,23.4,7.64,807,15,0
1529,05/22/21,18:02:44,8.2,23.4,7.64,808,15,0
1530,05/22/21,18:03:44,8.1,23.5,7.64,807,16,0
1531,05/22/21,18:04:44,8.1,23.5,7.64,805,15,0
1532,05/22/21,18:05:44,8.1,23.3,7.64,805,15,0
1533,05/22/21,18:06:44,8.1,23.1,7.64,804,16,0
1534,05/22/21,18:07:44,8.1,23,7.64,802,16,0
1535,05/22/21,18:08:44,8.1,23.1,7.64,802,15,0
1536,05/22/21,18:09:44,8.1,23.2,7.64,802,15,0
1537,05/22/21,18:10:44,8.1,23.3,7.64,805,16,0
1538,05/22/21,18:11:44,8.1,23.3,7.64,804,15,0
1539,05/22/21,18:12:44,8.1,23.4,7.64,803,16,0
1540,05/22/21,18:13:44,8.1,23.4,7.64,805,15,0
1541,05/22/21,18:14:44,8.1,23.4,7.64,804,16,0
1542,05/22/21,18:15:44,8.1,23.4,7.64,804,15,0
1543,05/22/21,18:16:44,8.1,23.4,7.64,802,15,0
1544,05/22/21,18:17:44,8.1,23.5,7.64,803,16,0
1545,05/22/21,18:18:44,8.1,23.4,7.65,801,16,0
1546,05/22/21,18:19:44,8.2,23.1,7.64,801,15,0
1547,05/22/21,18:20:44,8.2,23,7.64,799,15,0
1548,05/22/21,18:21:44,8.2,23,7.64,798,15,0
1549,05/22/21,18:22:44,8.3,23.2,7.64,800,15,0
1550,05/22/21,18:23:44,8.3,23.3,7.64,800,16,0
1551,05/22/21,18:24:44,8.3,23.4,7.64,802,15,0
1552,05/22/21,18:25:44,8.3,23.4,7.64,802,15,0
1553,05/22/21,18:26:44,8.3,23.4,7.64,802,15,0
1554,05/22/21,18:27:44,8.3,23.4,7.64,802,16,0
1555,05/22/21,18:28:44,8.3,23.4,7.64,803,15,0
1556,05/22/21,18:29:44,8.3,23.5,7.64,804,15,0
1557,05/22/21,18:30:45,8.3,23.5,7.64,803,16,0
1558,05/22/21,18:31:44,8.3,23.3,7.64,802,15,0
1559,05/22/21,18:32:44,8.3,23.1,7.64,801,16,0
1560,05/22/21,18:33:45,8.3,23,7.64,800,15,0
1561,05/22/21,18:34:44,8.3,23.1,7.64,799,15,0
1562,05/22/21,18:35:44,8.3,23.2,7.64,801,16,0
1563,05/22/21,18:36:45,8.3,23.3,7.64,804,15,0
1564,05/22/21,18:37:45,8.3,23.3,7.65,802,15,0
1565,05/22/21,18:38:44,8.3,23.4,7.64,802,15,0
1566,05/22/21,18:39:44,8.3,23.4,7.64,802,15,0
1567,05/22/21,18:40:45,8.3,23.4,7.64,804,15,0
1568,05/22/21,18:41:44,8.3,23.4,7.64,802,15,0
1569,05/22/21,18:42:44,8.4,23.5,7.64,802,15,0
1570,05/22/21,18:43:45,8.3,23.5,7.64,802,15,0
1571,05/22/21,18:44:45,8.3,23.3,7.64,802,15,0
1572,05/22/21,18:45:44,8.3,23.1,7.64,801,15,0
1573,05/22/21,18:46:45,8.3,23,7.65,800,16,0
1574,05/22/21,18:47:45,8.3,23.1,7.64,799,15,0
1575,05/22/21,18:48:44,8.3,23.2,7.64,801,16,0
1576,05/22/21,18:49:45,8.3,23.3,7.64,802,15,0
1577,05/22/21,18:50:45,8.3,23.3,7.64,802,16,0
1578,05/22/21,18:51:44,8.3,23.4,7.64,804,16,0
1579,05/22/21,18:52:45,8.3,23.4,7.64,804,15,0
1580,05/22/21,18:53:45,8.3,23.4,7.64,802,15,0
1581,05/22/21,18:54:45,8.3,23.4,7.65,804,15,0
1582,05/22/21,18:55:45,8.3,23.5,7.64,802,15,0
1583,05/22/21,18:56:45,8.3,23.5,7.64,803,15,0
1584,05/22/21,18:57:45,8.4,23.3,7.64,802,15,0
1585,05/22/21,18:58:45,8.4,23.1,7.64,800,16,0
1586,05/22/21,18:59:45,8.3,23,7.64,799,15,0
1587,05/22/21,19:00:45,8.3,23.1,7.64,800,15,0
1588,05/22/21,19:01:45,8.3,23.2,7.64,800,16,0
1589,05/22/21,19:02:45,8.3,23.3,7.64,802,15,0
1590,05/22/21,19:03:45,8.3,23.4,7.64,802,15,0
1591,05/22/21,19:04:45,8.3,23.4,7.64,803,15,0
1592,05/22/21,19:05:45,8.3,23.4,7.64,803,15,0
1593,05/22/21,19:06:45,8.3,23.4,7.64,803,15,0
1594,05/22/21,19:07:45,8.3,23.4,7.64,804,16,0
1595,05/22/21,19:08:45,8.4,23.5,7.64,802,16,0
1596,05/22/21,19:09:45,8.3,23.5,7.64,802,15,0
1597,05/22/21,19:10:45,8.3,23.2,7.64,802,15,0
1598,05/22/21,19:11:45,8.4,23.1,7.65,801,15,0
1599,05/22/21,19:12:45,8.3,23,7.65,800,15,0
1600,05/22/21,19:13:45,8.3,23.1,7.64,800,15,0
1601,05/22/21,19:14:45,8.3,23.2,7.64,802,15,0
1602,05/22/21,19:15:45,8.3,23.3,7.64,802,15,0
1603,05/22/21,19:16:45,8.3,23.4,7.64,803,15,0
1604,05/22/21,19:17:45,8.4,23.4,7.64,803,16,0
1605,05/22/21,19:18:45,8.3,23.4,7.64,804,15,0
1606,05/22/21,19:19:45,8.3,23.4,7.64,802,15,0
1607,05/22/21,19:20:45,8.4,23.4,7.64,804,15,0
1608,05/22/21,19:21:45,8.3,23.4,7.64,803,15,0
1609,05/22/21,19:22:45,8.3,23.5,7.65,803,16,0
1610,05/22/21,19:23:46,8.3,23.2,7.64,802,15,0
1611,05/22/21,19:24:45,8.4,23.1,7.64,801,16,0
1612,05/22/21,19:25:45,8.3,22.9,7.65,800,15,0
1613,05/22/21,19:26:46,8.3,23.1,7.64,800,15,0
1614,05/22/21,19:27:46,8.3,23.2,7.64,801,15,0
1615,05/22/21,19:28:45,8.3,23.3,7.64,802,15,0
1616,05/22/21,19:29:45,8.3,23.4,7.64,804,15,0
1617,05/22/21,19:30:46,8.3,23.4,7.64,802,15,0
1618,05/22/21,19:31:45,8.3,23.4,7.64,804,15,0
1619,05/22/21,19:32:45,8.4,23.4,7.64,802,15,0
1620,05/22/21,19:33:46,8.4,23.4,7.64,804,15,0
1621,05/22/21,19:34:46,8.4,23.4,7.64,804,15,0
1622,05/22/21,19:35:45,8.4,23.5,7.64,802,16,0
1623,05/22/21,19:36:46,8.3,23.2,7.64,803,15,0
1624,05/22/21,19:37:46,8.3,23,7.64,800,15,0
1625,05/22/21,19:38:45,8.4,22.9,7.64,801,15,0
1626,05/22/21,19:39:46,8.4,23.1,7.64,801,15,0
1627,05/22/21,19:40:46,8.3,23.2,7.64,802,15,0
1628,05/22/21,19:41:46,8.2,23.3,7.64,802,15,0
1629,05/22/21,19:42:46,8.2,23.4,7.64,803,16,0
1630,05/22/21,19:43:46,8.2,23.4,7.64,804,15,0
1631,05/22/21,19:44:46,8.2,23.4,7.64,803,15,0
1632,05/22/21,19:45:46,8.2,23.4,7.64,803,16,0
1633,05/22/21,19:46:46,8.2,23.4,7.64,802,16,0
1634,05/22/21,19:47:46,8.2,23.4,7.64,802,15,0
1635,05/22/21,19:48:46,8.2,23.5,7.64,801,15,0
1636,05/22/21,19:49:46,8.2,23.2,7.64,800,15,0
1637,05/22/21,19:50:46,8.2,23,7.64,798,16,0
1638,05/22/21,19:51:46,8.2,22.9,7.64,797,16,0
1639,05/22/21,19:52:46,8.2,23.1,7.64,798,15,0
1640,05/22/21,19:53:46,8.2,23.2,7.64,798,15,0
1641,05/22/21,19:54:46,8.2,23.3,7.64,800,15,0
1642,05/22/21,19:55:46,8.2,23.4,7.64,800,16,0
1643,05/22/21,19:56:46,8.2,23.4,7.64,801,16,0
1644,05/22/21,19:57:46,8.2,23.4,7.64,799,16,0
1645,05/22/21,19:58:46,8.2,23.4,7.64,800,16,0
1646,05/22/21,19:59:46,8.2,23.4,7.64,798,15,0
1647,05/22/21,20:00:46,8.3,23.4,7.64,797,16,0
1648,05/22/21,20:01:46,8.3,23.4,7.64,798,15,0
1649,05/22/21,20:02:46,8.3,23.4,7.64,798,16,0
1650,05/22/21,20:03:46,8.3,23.1,7.64,797,16,0
1651,05/22/21,20:04:46,8.3,23,7.64,797,16,0
1652,05/22/21,20:05:46,8.3,23.1,7.64,797,15,0
1653,05/22/21,20:06:46,8.4,23.2,7.64,798,16,0
1654,05/22/21,20:07:46,8.4,23.3,7.64,798,15,0
1655,05/22/21,20:08:46,8.3,23.3,7.64,799,15,0
1656,05/22/21,20:09:46,8.4,23.4,7.64,800,16,0
1657,05/22/21,20:10:46,8.4,23.4,7.64,799,16,0
1658,05/22/21,20:11:46,8.4,23.4,7.64,800,15,0
1659,05/22/21,20:12:46,8.4,23.4,7.64,799,15,0
1660,05/22/21,20:13:46,8.4,23.5,7.64,801,15,0
1661,05/22/21,20:14:46,8.4,23.5,7.64,801,16,0
1662,05/22/21,20:15:46,8.4,23.3,7.64,800,15,0
1663,05/22/21,20:16:46,8.4,23.1,7.64,798,15,0
1664,05/22/21,20:17:46,8.4,23,7.64,798,15,0
1665,05/22/21,20:18:47,8.4,23.1,7.64,797,16,0
1666,05/22/21,20:19:46,8.4,23.2,7.65,798,15,0
1667,05/22/21,20:20:46,8.4,23.3,7.64,800,16,0
1668,05/22/21,20:21:46,8.4,23.3,7.64,800,16,0
1669,05/22/21,20:22:47,8.4,23.4,7.64,800,15,0
1670,05/22/21,20:23:46,8.4,23.4,7.64,799,16,0
1671,05/22/21,20:24:46,8.4,23.4,7.64,800,15,0
1672,05/22/21,20:25:47,8.4,23.4,7.64,800,15,0
1673,05/22/21,20:26:47,8.4,23.5,7.64,800,15,0
1674,05/22/21,20:27:46,8.4,23.5,7.64,799,16,0
1675,05/22/21,20:28:47,8.4,23.3,7.64,800,15,0
1676,05/22/21,20:29:47,8.4,23.1,7.64,798,15,0
1677,05/22/21,20:30:47,8.5,23,7.64,797,16,0
1678,05/22/21,20:31:47,8.4,23.1,7.64,796,16,0
1679,05/22/21,20:32:47,8.4,23.2,7.64,798,15,0
1680,05/22/21,20:33:47,8.4,23.3,7.64,800,15,0
1681,05/22/21,20:34:47,8.4,23.3,7.64,800,16,0
1682,05/22/21,20:35:47,8.4,23.4,7.64,798,15,0
1683,05/22/21,20:36:47,8.4,23.4,7.64,800,16,0
1684,05/22/21,20:37:47,8.5,23.4,7.64,800,15,0
1685,05/22/21,20:38:47,8.4,23.4,7.64,799,15,0
1686,05/22/21,20:39:47,8.4,23.5,7.64,800,16,0
1687,05/22/21,20:40:47,8.4,23.5,7.64,799,16,0
1688,05/22/21,20:41:47,8.4,23.3,7.64,800,15,0
1689,05/22/21,20:42:47,8.4,23.1,7.65,797,15,0
1690,05/22/21,20:43:47,8.4,23,7.64,797,15,0
1691,05/22/21,20:44:47,8.4,23.1,7.64,797,15,0
1692,05/22/21,20:45:47,8.5,23.2,7.64,798,16,0
1693,05/22/21,20:46:47,8.4,23.3,7.64,798,15,0
1694,05/22/21,20:47:47,8.4,23.3,7.65,800,15,0
1695,05/22/21,20:48:47,8.4,23.4,7.64,800,16,0
1696,05/22/21,20:49:47,8.4,23.4,7.64,799,15,0
1697,05/22/21,20:50:47,8.4,23.4,7.64,800,15,0
1698,05/22/21,20:51:47,8.4,23.4,7.64,800,16,0
1699,05/22/21,20:52:47,8.4,23.4,7.65,800,16,0
1700,05/22/21,20:53:47,8.4,23.5,7.64,800,15,0
1701,05/22/21,20:54:47,8.4,23.3,7.64,798,15,0
1702,05/22/21,20:55:47,8.5,23.1,7.64,797,16,0
1703,05/22/21,20:56:47,8.4,22.9,7.64,797,15,0
1704,05/22/21,20:57:47,8.4,23.1,7.64,797,15,0
1705,05/22/21,20:58:47,8.5,23.2,7.64,798,16,0
1706,05/22/21,20:59:47,8.4,23.3,7.64,799,15,0
1707,05/22/21,21:00:47,8.4,23.3,7.64,800,15,0
1708,05/22/21,21:01:47,8.4,23.4,7.64,800,15,0
1709,05/22/21,21:02:47,8.4,23.4,7.64,799,15,0
1710,05/22/21,21:03:47,8.4,23.4,7.64,800,15,0
1711,05/22/21,21:04:47,8.5,23.4,7.64,800,16,0
1712,05/22/21,21:05:47,8.4,23.5,7.64,800,16,0
1713,05/22/21,21:06:47,8.4,23.5,7.65,800,15,0
1714,05/22/21,21:07:47,8.4,23.3,7.64,800,15,0
1715,05/22/21,21:08:47,8.4,23.1,7.65,798,15,0
1716,05/22/21,21:09:47,8.5,22.9,7.64,797,15,0
1717,05/22/21,21:10:47,8.5,23.1,7.64,797,16,0
1718,05/22/21,21:11:48,8.5,23.2,7.64,798,15,0
1719,05/22/21,21:12:47,8.5,23.3,7.64,798,15,0
1720,05/22/21,21:13:47,8.4,23.3,7.64,800,16,0
1721,05/22/21,21:14:48,8.5,23.4,7.64,800,15,0
1722,05/22/21,21:15:47,8.5,23.4,7.64,799,15,0
1723,05/22/21,21:16:47,8.5,23.4,7.64,800,15,0
1724,05/22/21,21:17:48,8.5,23.4,7.64,800,15,0
1725,05/22/21,21:18:48,8.5,23.4,7.64,800,15,0
1726,05/22/21,21:19:47,8.5,23.5,7.64,801,15,0
1727,05/22/21,21:20:48,8.4,23.3,7.64,800,16,0
1728,05/22/21,21:21:48,8.3,23,7.64,798,15,0
1729,05/22/21,21:22:47,8.2,22.9,7.64,797,16,0
1730,05/22/21,21:23:48,8.2,23.1,7.64,797,15,0
1731,05/22/21,21:24:48,8.2,23.2,7.64,798,15,0
1732,05/22/21,21:25:48,8.2,23.3,7.64,798,15,0
1733,05/22/21,21:26:47,8.1,23.3,7.64,798,16,0
1734,05/22/21,21:27:48,8.1,23.4,7.64,798,15,0
1735,05/22/21,21:28:48,8.1,23.4,7.65,798,16,0
1736,05/22/21,21:29:47,8.1,23.4,7.64,798,16,0
1737,05/22/21,21:30:48,8.2,23.4,7.65,797,16,0
1738,05/22/21,21:31:48,8.1,23.4,7.64,797,15,0
1739,05/22/21,21:32:48,8.1,23.4,7.64,797,16,0
1740,05/22/21,21:33:48,8.1,23.4,7.64,795,15,0
1741,05/22/21,21:34:48,8.1,23.2,7.64,795,15,0
1742,05/22/21,21:35:48,8.1,23,7.64,794,16,0
1743,05/22/21,21:36:48,8.1,22.9,7.64,794,15,0
1744,05/22/21,21:37:48,8.1,23.1,7.64,792,15,0
1745,05/22/21,21:38:48,8.1,23.2,7.64,794,15,0
1746,05/22/21,21:39:48,8.2,23.3,7.64,795,15,0
1747,05/22/21,21:40:48,8.2,23.3,7.64,795,15,0
1748,05/22/21,21:41:48,8.3,23.4,7.64,794,15,0
1749,05/22/21,21:42:48,8.3,23.4,7.64,794,16,0
1750,05/22/21,21:43:48,8.3,23.4,7.64,795,15,0
1751,05/22/21,21:44:48,8.3,23.4,7.64,795,15,0
1752,05/22/21,21:45:48,8.3,23.4,7.64,794,15,0
1753,05/22/21,21:46:48,8.3,23.5,7.64,796,15,0
1754,05/22/21,21:47:48,8.3,23.2,7.64,794,15,0
1755,05/22/21,21:48:48,8.3,23,7.64,794,16,0
1756,05/22/21,21:49:48,8.3,22.9,7.64,793,15,0
1757,05/22/21,21:50:48,8.3,23.1,7.64,794,16,0
1758,05/22/21,21:51:48,8.3,23.2,7.64,794,16,0
1759,05/22/21,21:52:48,8.3,23.3,7.65,795,15,0
1760,05/22/21,21:53:48,8.3,23.4,7.64,797,16,0
1761,05/22/21,21:54:48,8.3,23.4,7.64,797,16,0
1762,05/22/21,21:55:48,8.3,23.4,7.64,795,15,0
1763,05/22/21,21:56:48,8.3,23.4,7.64,795,15,0
1764,05/22/21,21:57:48,8.3,23.4,7.64,795,16,0
1765,05/22/21,21:58:48,8.3,23.4,7.64,796,15,0
1766,05/22/21,21:59:48,8.3,23.5,7.64,795,15,0
1767,05/22/21,22:00:48,8.3,23.2,7.64,796,15,0
1768,05/22/21,22:01:48,8.3,23,7.65,794,15,0
1769,05/22/21,22:02:48,8.3,22.9,7.64,793,15,0
1770,05/22/21,22:03:49,8.3,23.2,7.65,793,16,0
1771,05/22/21,22:04:48,8.3,23.3,7.65,794,15,0
1772,05/22/21,22:05:48,8.3,23.3,7.64,795,16,0
1773,05/22/21,22:06:49,8.3,23.4,7.64,797,16,0
1774,05/22/21,22:07:48,8.3,23.4,7.65,795,15,0
1775,05/22/21,22:08:48,8.4,23.4,7.64,795,15,0
1776,05/22/21,22:09:49,8.3,23.4,7.64,797,15,0
1777,05/22/21,22:10:49,8.3,23.4,7.64,795,15,0
1778,05/22/21,22:11:48,8.3,23.4,7.65,795,15,0
1779,05/22/21,22:12:49,8.3,23.4,7.64,795,15,0
1780,05/22/21,22:13:49,8.3,23.2,7.64,794,15,0
1781,05/22/21,22:14:48,8.3,23,7.64,793,16,0
1782,05/22/21,22:15:49,8.3,23,7.64,793,16,0
1783,05/22/21,22:16:49,8.3,23.2,7.64,794,15,0
1784,05/22/21,22:17:49,8.4,23.3,7.64,796,16,0
1785,05/22/21,22:18:49,8.4,23.3,7.64,797,15,0
1786,05/22/21,22:19:49,8.4,23.4,7.64,797,15,0
1787,05/22/21,22:20:49,8.4,23.4,7.64,797,15,0
1788,05/22/21,22:21:49,8.4,23.4,7.64,795,16,0
1789,05/22/21,22:22:49,8.4,23.4,7.64,795,16,0
1790,05/22/21,22:23:49,8.3,23.5,7.64,795,15,0
1791,05/22/21,22:24:49,8.4,23.5,7.64,796,15,0
1792,05/22/21,22:25:49,8.3,23.4,7.64,795,15,0
1793,05/22/21,22:26:49,8.3,23.1,7.65,794,16,0
1794,05/22/21,22:27:49,8.3,23,7.64,794,15,0
1795,05/22/21,22:28:49,8.3,23,7.64,793,16,0
1796,05/22/21,22:29:49,8.3,23.2,7.64,795,16,0
1797,05/22/21,22:30:49,8.4,23.3,7.64,796,15,0
1798,05/22/21,22:31:49,8.4,23.3,7.64,795,15,0
1799,05/22/21,22:32:49,8.3,23.4,7.64,795,16,0
1800,05/22/21,22:33:49,8.3,23.4,7.65,795,15,0
1801,05/22/21,22:34:49,8.3,23.4,7.64,795,15,0
1802,05/22/21,22:35:49,8.3,23.4,7.64,797,15,0
1803,05/22/21,22:36:49,8.3,23.4,7.64,797,15,0
1804,05/22/21,22:37:49,8.3,23.5,7.64,795,15,0
1805,05/22/21,22:38:49,8.4,23.3,7.64,795,15,0
1806,05/22/21,22:39:49,8.3,23.1,7.64,794,15,0
1807,05/22/21,22:40:49,8.3,23,7.65,793,16,0
1808,05/22/21,22:41:49,8.3,23,7.64,793,15,0
1809,05/22/21,22:42:49,8.3,23.2,7.64,794,15,0
1810,05/22/21,22:43:49,8.3,23.3,7.64,795,16,0
1811,05/22/21,22:44:49,8.4,23.3,7.64,797,15,0
1812,05/22/21,22:45:49,8.4,23.4,7.64,795,16,0
1813,05/22/21,22:46:49,8.4,23.4,7.64,797,15,0
1814,05/22/21,22:47:49,8.4,23.4,7.64,796,16,0
1815,05/22/21,22:48:49,8.4,23.4,7.65,795,16,0
1816,05/22/21,22:49:49,8.4,23.5,7.64,795,15,0
1817,05/22/21,22:50:49,8.4,23.5,7.64,795,16,0
1818,05/22/21,22:51:49,8.4,23.3,7.65,795,16,0
1819,05/22/21,22:52:49,8.4,23.1,7.64,794,16,0
1820,05/22/21,22:53:49,8.4,23,7.64,792,15,0
1821,05/22/21,22:54:49,8.3,23.1,7.65,793,15,0
1822,05/22/21,22:55:49,8.3,23.2,7.64,794,15,0
1823,05/22/21,22:56:50,8.4,23.3,7.65,795,16,0
1824,05/22/21,22:57:49,8.4,23.3,7.65,795,16,0
1825,05/22/21,22:58:49,8.3,23.4,7.65,797,15,0
1826,05/22/21,22:59:50,8.3,23.4,7.64,797,15,0
1827,05/22/21,23:00:50,8.3,23.4,7.64,795,15,0
1828,05/22/21,23:01:49,8.2,23.4,7.65,795,16,0
1829,05/22/21,23:02:49,8.2,23.5,7.64,795,16,0
1830,05/22/21,23:03:50,8.1,23.5,7.65,795,16,0
1831,05/22/21,23:04:49,8.1,23.3,7.65,796,15,0
1832,05/22/21,23:05:49,8.2,23.1,7.65,794,15,0
1833,05/22/21,23:06:50,8.1,23,7.64,793,16,0
1834,05/22/21,23:07:50,8.1,23.1,7.64,791,15,0
1835,05/22/21,23:08:49,8.1,23.2,7.64,793,15,0
1836,05/22/21,23:09:50,8.1,23.3,7.64,794,15,0
1837,05/22/21,23:10:50,8.1,23.3,7.64,794,15,0
1838,05/22/21,23:11:49,8.1,23.4,7.64,795,16,0
1839,05/22/21,23:12:50,8.2,23.4,7.64,795,15,0
1840,05/22/21,23:13:50,8.2,23.4,7.64,794,16,0
1841,05/22/21,23:14:50,8.2,23.4,7.65,793,15,0
1842,05/22/21,23:15:50,8.2,23.4,7.64,793,15,0
1843,05/22/21,23:16:50,8.2,23.4,7.65,793,15,0
1844,05/22/21,23:17:50,8.2,23.3,7.65,793,15,0
1845,05/22/21,23:18:50,8.1,23.1,7.65,789,15,0
1846,05/22/21,23:19:50,8.2,22.9,7.65,790,15,0
1847,05/22/21,23:20:50,8.2,23.1,7.65,793,15,0
1848,05/22/21,23:21:50,8.3,23.2,7.64,795,16,0
1849,05/22/21,23:22:50,8.3,23.3,7.64,798,15,0
1850,05/22/21,23:23:50,8.3,23.3,7.64,801,15,0
1851,05/22/21,23:24:50,8.3,23.4,7.65,803,15,0
1852,05/22/21,23:25:50,8.3,23.4,7.64,803,16,0
1853,05/22/21,23:26:50,8.3,23.4,7.64,804,15,0
1854,05/22/21,23:27:50,8.3,23.4,7.64,804,15,0
1855,05/22/21,23:28:50,8.3,23.5,7.62,804,15,0
1856,05/22/21,23:29:50,8.3,23.5,7.62,802,15,0
1857,05/22/21,23:30:50,8.4,23.2,7.62,801,16,0
1858,05/22/21,23:31:50,8.3,23,7.64,800,15,0
1859,05/22/21,23:32:50,8.3,22.9,7.65,798,15,0
1860,05/22/21,23:33:50,8.3,23.1,7.65,798,15,0
1861,05/22/21,23:34:50,8.3,23.2,7.64,800,15,0
1862,05/22/21,23:35:50,8.3,23.3,7.65,800,16,0
1863,05/22/21,23:36:50,8.3,23.3,7.64,801,15,0
1864,05/22/21,23:37:50,8.3,23.4,7.64,801,15,0
1865,05/22/21,23:38:50,8.3,23.4,7.65,801,16,0
1866,05/22/21,23:39:50,8.3,23.4,7.65,801,15,0
1867,05/22/21,23:40:50,8.3,23.4,7.64,800,15,0
1868,05/22/21,23:41:50,8.3,23.4,7.62,801,16,0
1869,05/22/21,23:42:50,8.3,23.5,7.65,800,15,0
1870,05/22/21,23:43:50,8.4,23.2,7.62,800,15,0
1871,05/22/21,23:44:50,8.3,23,7.62,798,16,0
1872,05/22/21,23:45:50,8.3,22.9,7.65,797,15,0
1873,05/22/21,23:46:50,8.3,23.1,7.65,798,15,0
1874,05/22/21,23:47:51,8.3,23.2,7.64,800,15,0
1875,05/22/21,23:48:50,8.3,23.3,7.64,800,15,0
1876,05/22/21,23:49:50,8.3,23.4,7.65,800,15,0
1877,05/22/21,23:50:51,8.4,23.4,7.64,800,16,0
1878,05/22/21,23:51:51,8.3,23.4,7.64,800,16,0
1879,05/22/21,23:52:50,8.3,23.4,7.64,800,15,0
1880,05/22/21,23:53:50,8.3,23.4,7.64,800,16,0
1881,05/22/21,23:54:51,8.3,23.5,7.64,800,16,0
1882,05/22/21,23:55:50,8.3,23.4,7.65,799,15,0
1883,05/22/21,23:56:53,8.3,23.2,7.62,798,15,0
1884,05/22/21,23:57:53,8.3,23,7.62,798,15,0
1885,05/22/21,23:58:53,8.4,22.9,7.64,797,16,0
1886,05/22/21,23:59:53,8.3,23.1,7.64,797,15,0
1887,05/23/21,00:00:53,8.4,23.3,7.65,798,16,0
1888,05/23/21,00:01:53,8.3,23.3,7.64,800,15,0
1889,05/23/21,00:02:53,8.3,23.4,7.65,801,16,0
1890,05/23/21,00:03:53,8.3,23.4,7.64,801,16,0
1891,05/23/21,00:04:53,8.3,23.4,7.64,801,15,0
1892,05/23/21,00:05:53,8.3,23.4,7.64,801,15,0
1893,05/23/21,00:06:53,8.3,23.4,7.64,800,15,0
1894,05/23/21,00:07:53,8.4,23.5,7.62,801,16,0
1895,05/23/21,00:08:53,8.4,23.4,7.61,800,15,0
1896,05/23/21,00:09:53,8.4,23.2,7.62,798,15,0
1897,05/23/21,00:10:53,8.3,23,7.62,798,15,0
1898,05/23/21,00:11:53,8.4,22.9,7.64,797,15,0
1899,05/23/21,00:12:53,8.4,23.2,7.64,798,15,0
1900,05/23/21,00:13:53,8.3,23.3,7.65,800,15,0
1901,05/23/21,00:14:53,8.3,23.3,7.64,800,15,0
1902,05/23/21,00:15:53,8.4,23.4,7.64,800,16,0
1903,05/23/21,00:16:53,8.4,23.4,7.64,800,15,0
1904,05/23/21,00:17:53,8.3,23.4,7.64,800,16,0
1905,05/23/21,00:18:53,8.3,23.4,7.62,800,16,0
1906,05/23/21,00:19:53,8.3,23.4,7.62,801,15,0
1907,05/23/21,00:20:53,8.4,23.5,7.62,801,15,0
1908,05/23/21,00:21:54,8.4,23.4,7.62,800,16,0
1909,05/23/21,00:22:53,8.4,23.2,7.62,800,15,0
1910,05/23/21,00:23:53,8.4,23,7.62,798,16,0
1911,05/23/21,00:24:54,8.3,23,7.62,798,16,0
1912,05/23/21,00:25:53,8.3,23.2,7.64,798,15,0
1913,05/23/21,00:26:53,8.4,23.3,7.64,800,15,0
1914,05/23/21,00:27:54,8.4,23.3,7.64,800,16,0
1915,05/23/21,00:28:54,8.3,23.4,7.65,800,15,0
1916,05/23/21,00:29:53,8.4,23.4,7.64,801,16,0
1917,05/23/21,00:30:54,8.4,23.4,7.64,801,16,0
1918,05/23/21,00:31:54,8.4,23.4,7.64,800,15,0
1919,05/23/21,00:32:54,8.4,23.4,7.62,800,16,0
1920,05/23/21,00:33:54,8.4,23.5,7.64,800,15,0
1921,05/23/21,00:34:54,8.3,23.4,7.64,800,15,0
1922,05/23/21,00:35:54,8.4,23.1,7.62,801,16,0
1923,05/23/21,00:36:54,8.4,23,7.62,798,16,0
1924,05/23/21,00:37:54,8.4,23,7.64,798,16,0
1925,05/23/21,00:38:54,8.4,23.2,7.65,800,16,0
1926,05/23/21,00:39:54,8.4,23.3,7.64,800,15,0
1927,05/23/21,00:40:54,8.3,23.3,7.64,800,15,0
1928,05/23/21,00:41:54,8.2,23.4,7.64,800,16,0
1929,05/23/21,00:42:54,8.2,23.4,7.64,801,16,0
1930,05/23/21,00:43:54,8.1,23.4,7.65,800,15,0
1931,05/23/21,00:44:54,8.2,23.4,7.64,799,16,0
1932,05/23/21,00:45:54,8.1,23.4,7.62,801,16,0
1933,05/23/21,00:46:54,8.2,23.4,7.62,800,15,0
1934,05/23/21,00:47:54,8.2,23.3,7.62,798,15,0
1935,05/23/21,00:48:54,8.1,23.1,7.65,797,16,0
1936,05/23/21,00:49:54,8.1,22.9,7.64,797,15,0
1937,05/23/21,00:50:54,8.1,23.1,7.64,794,15,0
1938,05/23/21,00:51:54,8.1,23.2,7.64,796,15,0
1939,05/23/21,00:52:54,8.1,23.3,7.64,797,15,0
1940,05/23/21,00:53:54,8.2,23.3,7.64,797,16,0
1941,05/23/21,00:54:54,8.2,23.4,7.64,797,16,0
1942,05/23/21,00:55:54,8.1,23.4,7.64,797,16,0
1943,05/23/21,00:56:54,8.1,23.4,7.64,797,15,0
1944,05/23/21,00:57:54,8.2,23.4,7.64,797,15,0
1945,05/23/21,00:58:54,8.1,23.4,7.62,795,15,0
1946,05/23/21,00:59:54,8.2,23.4,7.62,795,15,0
1947,05/23/21,01:00:54,8.2,23.4,7.62,796,16,0
1948,05/23/21,01:01:54,8.2,23.3,7.62,795,15,0
1949,05/23/21,01:02:54,8.3,23.1,7.62,794,15,0
1950,05/23/21,01:03:55,8.3,22.9,7.62,793,15,0
1951,05/23/21,01:04:54,8.3,23.1,7.64,794,15,0
1952,05/23/21,01:05:54,8.3,23.2,7.64,794,15,0
1953,05/23/21,01:06:55,8.3,23.3,7.64,795,16,0
1954,05/23/21,01:07:54,8.3,23.4,7.62,795,15,0
1955,05/23/21,01:08:54,8.3,23.4,7.64,796,15,0
1956,05/23/21,01:09:54,8.3,23.4,7.62,797,15,0
1957,05/23/21,01:10:54,8.3,23.4,7.62,796,16,0
1958,05/23/21,01:11:54,8.3,23.4,7.62,795,15,0
1959,05/23/21,01:12:54,8.3,23.4,7.62,797,16,0
1960,05/23/21,01:13:55,8.3,23.5,7.62,797,16,0
1961,05/23/21,01:14:54,8.3,23.2,7.62,795,15,0
1962,05/23/21,01:15:55,8.3,23,7.62,794,15,0
1963,05/23/21,01:16:55,8.3,22.9,7.62,793,16,0
1964,05/23/21,01:17:54,8.3,23.1,7.62,794,15,0
1965,05/23/21,01:18:55,8.3,23.2,7.64,794,16,0
1966,05/23/21,01:19:55,8.3,23.3,7.65,795,15,0
1967,05/23/21,01:20:54,8.3,23.3,7.64,795,15,0
1968,05/23/21,01:21:54,8.3,23.4,7.64,797,15,0
1969,05/23/21,01:22:55,8.3,23.4,7.62,797,16,0
1970,05/23/21,01:23:55,8.3,23.4,7.62,797,15,0
1971,05/23/21,01:24:54,8.3,23.4,7.62,795,15,0
1972,05/23/21,01:25:55,8.3,23.5,7.62,795,16,0
1973,05/23/21,01:26:55,8.4,23.4,7.62,795,15,0
1974,05/23/21,01:27:54,8.3,23.2,7.62,795,15,0
1975,05/23/21,01:28:55,8.3,23,7.62,794,16,0
1976,05/23/21,01:29:55,8.3,22.9,7.62,793,15,0
1977,05/23/21,01:30:55,8.3,23.1,7.62,794,15,0
1978,05/23/21,01:31:55,8.3,23.3,7.64,795,16,0
1979,05/23/21,01:32:55,8.3,23.3,7.64,795,16,0
1980,05/23/21,01:33:55,8.4,23.4,7.62,797,15,0
1981,05/23/21,01:34:55,8.4,23.4,7.62,797,16,0
1982,05/23/21,01:35:55,8.3,23.4,7.62,797,15,0
1983,05/23/21,01:36:55,8.3,23.4,7.62,797,15,0
1984,05/23/21,01:37:55,8.3,23.4,7.62,797,16,0
1985,05/23/21,01:38:55,8.3,23.5,7.62,797,15,0
1986,05/23/21,01:39:55,8.4,23.4,7.62,797,16,0
1987,05/23/21,01:40:55,8.3,23.2,7.62,795,15,0
1988,05/23/21,01:41:55,8.4,23,7.62,794,16,0
1989,05/23/21,01:42:55,8.4,22.9,7.62,794,15,0
1990,05/23/21,01:43:55,8.4,23.1,7.62,794,16,0
1991,05/23/21,01:44:55,8.3,23.2,7.62,795,15,0
1992,05/23/21,01:45:55,8.4,23.3,7.62,795,16,0
1993,05/23/21,01:46:55,8.3,23.4,7.62,797,16,0
1994,05/23/21,01:47:55,8.3,23.4,7.62,797,16,0
1995,05/23/21,01:48:55,8.4,23.4,7.62,798,16,0
1996,05/23/21,01:49:55,8.4,23.4,7.62,798,16,0
1997,05/23/21,01:50:55,8.4,23.4,7.62,797,16,0
1998,05/23/21,01:51:55,8.4,23.5,7.62,797,16,0
1999,05/23/21,01:52:55,8.4,23.4,7.62,797,16,0
2000,05/23/21,01:53:55,8.4,23.2,7.62,796,16,0
2001,05/23/21,01:54:55,8.4,23,7.62,795,15,0
2002,05/23/21,01:55:55,8.4,23,7.62,794,16,0
2003,05/23/21,01:56:55,8.4,23.2,7.62,794,15,0
2004,05/23/21,01:57:55,8.4,23.3,7.62,795,16,0
2005,05/23/21,01:58:55,8.3,23.3,7.62,797,15,0
2006,05/23/21,01:59:55,8.4,23.4,7.62,797,16,0
2007,05/23/21,02:00:55,8.4,23.4,7.61,797,15,0
2008,05/23/21,02:01:56,8.4,23.4,7.62,797,16,0
2009,05/23/21,02:02:55,8.4,23.4,7.62,797,16,0
2010,05/23/21,02:03:55,8.4,23.5,7.62,797,16,0
2011,05/23/21,02:04:56,8.4,23.5,7.62,797,16,0
2012,05/23/21,02:05:55,8.4,23.4,7.62,797,15,0
2013,05/23/21,02:06:55,8.4,23.1,7.62,795,16,0
2014,05/23/21,02:07:56,8.4,23,7.62,794,16,0
2015,05/23/21,02:08:55,8.4,23,7.62,794,15,0
2016,05/23/21,02:09:55,8.4,23.2,7.62,794,16,0
2017,05/23/21,02:10:56,8.4,23.3,7.62,795,16,0
2018,05/23/21,02:11:56,8.4,23.3,7.62,797,16,0
2019,05/23/21,02:12:55,8.3,23.4,7.62,797,16,0
2020,05/23/21,02:13:56,8.4,23.4,7.62,797,15,0
2021,05/23/21,02:14:56,8.4,23.4,7.62,797,16,0
2022,05/23/21,02:15:55,8.4,23.4,7.62,797,16,0
2023,05/23/21,02:16:56,8.4,23.5,7.62,797,16,0
2024,05/23/21,02:17:56,8.4,23.5,7.62,798,16,0
2025,05/23/21,02:18:55,8.4,23.4,7.62,797,16,0
2026,05/23/21,02:19:56,8.3,23.1,7.62,795,16,0
2027,05/23/21,02:20:56,8.3,23,7.62,794,16,0
2028,05/23/21,02:21:55,8.2,23,7.62,794,15,0
2029,05/23/21,02:22:56,8.2,23.2,7.62,794,16,0
2030,05/23/21,02:23:56,8.1,23.3,7.62,795,16,0
2031,05/23/21,02:24:56,8.1,23.3,7.62,795,15,0
2032,05/23/21,02:25:56,8.1,23.4,7.62,796,16,0
2033,05/23/21,02:26:56,8.2,23.4,7.62,795,15,0
2034,05/23/21,02:27:56,8.1,23.4,7.62,795,16,0
2035,05/23/21,02:28:56,8.1,23.4,7.62,795,16,0
2036,05/23/21,02:29:56,8.1,23.4,7.62,794,16,0
2037,05/23/21,02:30:56,8.1,23.4,7.62,794,15,0
2038,05/23/21,02:31:56,8.1,23.4,7.62,794,16,0
2039,05/23/21,02:32:56,8.1,23.4,7.62,794,16,0
2040,05/23/21,02:33:56,8.1,23.1,7.62,793,16,0
2041,05/23/21,02:34:56,8.1,23,7.62,791,15,0
2042,05/23/21,02:35:56,8.1,23,7.62,791,15,0
2043,05/23/21,02:36:56,8.1,23.2,7.62,794,16,0
2044,05/23/21,02:37:56,8.1,23.3,7.62,795,16,0
2045,05/23/21,02:38:56,8.1,23.3,7.62,800,15,0
2046,05/23/21,02:39:56,8.2,23.3,7.62,801,16,0
2047,05/23/21,02:40:56,8.2,23.4,7.62,801,15,0
2048,05/23/21,02:41:56,8.3,23.4,7.62,800,15,0
2049,05/23/21,02:42:56,8.3,23.4,7.62,800,16,0
2050,05/23/21,02:43:56,8.3,23.4,7.62,800,16,0
2051,05/23/21,02:44:56,8.3,23.4,7.62,800,16,0
2052,05/23/21,02:45:56,8.3,23.5,7.62,798,16,0
2053,05/23/21,02:46:56,8.3,23.2,7.59,798,16,0
2054,05/23/21,02:47:56,8.3,23,7.62,797,15,0
2055,05/23/21,02:48:56,8.3,22.9,7.62,796,15,0
2056,05/23/21,02:49:56,8.3,23.1,7.62,797,15,0
2057,05/23/21,02:50:56,8.3,23.3,7.62,797,16,0
2058,05/23/21,02:51:56,8.3,23.3,7.62,798,15,0
2059,05/23/21,02:52:56,8.3,23.4,7.62,798,15,0
2060,05/23/21,02:53:56,8.3,23.4,7.62,798,16,0
2061,05/23/21,02:54:56,8.3,23.4,7.59,798,16,0
2062,05/23/21,02:55:57,8.3,23.4,7.62,798,16,0
2063,05/23/21,02:56:56,8.3,23.4,7.62,798,16,0
2064,05/23/21,02:57:56,8.4,23.5,7.59,798,16,0
2065,05/23/21,02:58:57,8.3,23.4,7.59,798,15,0
2066,05/23/21,02:59:56,8.3,23.2,7.59,797,15,0
2067,05/23/21,03:00:56,8.3,23,7.59,795,16,0
2068,05/23/21,03:01:57,8.3,23,7.59,796,15,0
2069,05/23/21,03:02:57,8.3,23.2,7.59,794,15,0
2070,05/23/21,03:03:56,8.3,23.3,7.61,795,16,0
2071,05/23/21,03:04:57,8.4,23.3,7.62,798,15,0
2072,05/23/21,03:05:57,8.3,23.4,7.59,798,15,0
2073,05/23/21,03:06:56,8.4,23.4,7.62,798,16,0
2074,05/23/21,03:07:56,8.3,23.4,7.62,798,16,0
2075,05/23/21,03:08:57,8.4,23.4,7.59,798,15,0
2076,05/23/21,03:09:57,8.3,23.4,7.59,798,16,0
2077,05/23/21,03:10:56,8.3,23.5,7.59,798,16,0
2078,05/23/21,03:11:57,8.4,23.4,7.59,798,15,0
2079,05/23/21,03:12:57,8.4,23.2,7.59,797,16,0
2080,05/23/21,03:13:57,8.4,23,7.59,795,16,0
2081,05/23/21,03:14:57,8.4,23,7.59,796,16,0
2082,05/23/21,03:15:57,8.4,23.2,7.59,795,16,0
2083,05/23/21,03:16:56,8.3,23.3,7.59,797,16,0
2084,05/23/21,03:17:57,8.4,23.3,7.59,798,16,0
2085,05/23/21,03:18:57,8.4,23.4,7.59,798,16,0
2086,05/23/21,03:19:57,8.3,23.4,7.59,798,16,0
2087,05/23/21,03:20:57,8.4,23.4,7.59,800,16,0
2088,05/23/21,03:21:57,8.4,23.4,7.59,797,15,0
2089,05/23/21,03:22:57,8.4,23.4,7.59,797,15,0
2090,05/23/21,03:23:57,8.3,23.5,7.59,798,16,0
2091,05/23/21,03:24:57,8.4,23.4,7.59,798,16,0
2092,05/23/21,03:25:57,8.4,23.1,7.59,797,16,0
2093,05/23/21,03:26:57,8.3,23,7.59,797,15,0
2094,05/23/21,03:27:57,8.4,23,7.59,796,15,0
2095,05/23/21,03:28:57,8.4,23.2,7.59,795,16,0
2096,05/23/21,03:29:57,8.4,23.3,7.59,797,16,0
2097,05/23/21,03:30:57,8.4,23.3,7.59,798,16,0
2098,05/23/21,03:31:57,8.4,23.4,7.59,798,16,0
2099,05/23/21,03:32:57,8.3,23.4,7.59,798,16,0
2100,05/23/21,03:33:57,8.4,23.4,7.59,798,15,0
2101,05/23/21,03:34:57,8.4,23.4,7.59,800,16,0
2102,05/23/21,03:35:57,8.4,23.4,7.59,797,15,0
2103,05/23/21,03:36:57,8.4,23.5,7.59,797,16,0
2104,05/23/21,03:37:57,8.3,23.4,7.59,798,16,0
2105,05/23/21,03:38:57,8.3,23.1,7.59,797,16,0
2106,05/23/21,03:39:57,8.4,23,7.59,795,16,0
2107,05/23/21,03:40:57,8.4,23,7.59,794,16,0
2108,05/23/21,03:41:57,8.4,23.2,7.59,795,15,0
2109,05/23/21,03:42:57,8.4,23.3,7.59,798,15,0
2110,05/23/21,03:43:57,8.4,23.3,7.59,798,16,0
2111,05/23/21,03:44:57,8.4,23.4,7.59,798,16,0
2112,05/23/21,03:45:57,8.4,23.4,7.59,798,16,0
2113,05/23/21,03:46:57,8.4,23.4,7.59,798,16,0
2114,05/23/21,03:47:57,8.4,23.4,7.59,798,15,0
2115,05/23/21,03:48:57,8.4,23.4,7.59,798,16,0
2116,05/23/21,03:49:57,8.4,23.5,7.59,798,16,0
2117,05/23/21,03:50:57,8.4,23.3,7.59,798,15,0
2118,05/23/21,03:51:57,8.4,23.1,7.59,797,16,0
2119,05/23/21,03:52:57,8.4,23,7.59,798,15,0
2120,05/23/21,03:53:58,8.4,23.1,7.59,795,16,0
2121,05/23/21,03:54:57,8.4,23.2,7.59,795,15,0
2122,05/23/21,03:55:57,8.4,23.3,7.59,797,16,0
2123,05/23/21,03:56:58,8.4,23.3,7.59,798,16,0
2124,05/23/21,03:57:57,8.4,23.4,7.59,798,16,0
2125,05/23/21,03:58:57,8.3,23.4,7.59,800,15,0
2126,05/23/21,03:59:58,8.3,23.4,7.59,798,16,0
2127,05/23/21,04:00:58,8.3,23.4,7.59,798,16,0
2128,05/23/21,04:01:57,8.2,23.4,7.59,798,16,0
2129,05/23/21,04:02:58,8.1,23.5,7.59,798,16,0
2130,05/23/21,04:03:58,8.1,23.3,7.59,799,16,0
2131,05/23/21,04:04:58,8.1,23.1,7.59,797,15,0
2132,05/23/21,04:05:58,8.2,22.9,7.59,794,16,0
2133,05/23/21,04:06:58,8.1,23.1,7.59,794,15,0
2134,05/23/21,04:07:57,8.1,23.2,7.59,794,16,0
2135,05/23/21,04:08:58,8.1,23.3,7.59,795,15,0
2136,05/23/21,04:09:58,8.1,23.3,7.59,797,16,0
2137,05/23/21,04:10:58,8.1,23.4,7.59,797,15,0
2138,05/23/21,04:11:58,8.1,23.4,7.59,795,16,0
2139,05/23/21,04:12:58,8.1,23.4,7.59,796,16,0
2140,05/23/21,04:13:58,8.1,23.4,7.59,797,16,0
2141,05/23/21,04:14:58,8.1,23.4,7.59,794,16,0
2142,05/23/21,04:15:58,8.1,23.4,7.59,794,15,0
2143,05/23/21,04:16:58,8.1,23.4,7.59,795,15,0
2144,05/23/21,04:17:58,8.1,23.3,7.59,794,15,0
2145,05/23/21,04:18:58,8.2,23.1,7.59,793,16,0
2146,05/23/21,04:19:58,8.2,22.9,7.59,791,15,0
2147,05/23/21,04:20:58,8.2,23.1,7.59,792,15,0
2148,05/23/21,04:21:58,8.3,23.2,7.59,795,16,0
2149,05/23/21,04:22:58,8.3,23.3,7.59,798,16,0
2150,05/23/21,04:23:58,8.3,23.3,7.59,800,15,0
2151,05/23/21,04:24:58,8.3,23.4,7.59,804,16,0
2152,05/23/21,04:25:58,8.3,23.4,7.59,803,15,0
2153,05/23/21,04:26:58,8.3,23.4,7.59,802,16,0
2154,05/23/21,04:27:58,8.3,23.4,7.59,801,15,0
2155,05/23/21,04:28:58,8.3,23.4,7.59,801,16,0
2156,05/23/21,04:29:58,8.3,23.5,7.59,801,16,0
2157,05/23/21,04:30:58,8.3,23.3,7.59,801,15,0
2158,05/23/21,04:31:58,8.3,23.1,7.59,798,16,0
2159,05/23/21,04:32:58,8.3,22.9,7.59,797,15,0
2160,05/23/21,04:33:58,8.3,23.1,7.59,797,16,0
2161,05/23/21,04:34:58,8.3,23.2,7.59,798,15,0
2162,05/23/21,04:35:58,8.3,23.3,7.59,800,16,0
2163,05/23/21,04:36:58,8.3,23.3,7.59,799,15,0
2164,05/23/21,04:37:58,8.3,23.4,7.59,799,15,0
2165,05/23/21,04:38:58,8.4,23.4,7.59,800,16,0
2166,05/23/21,04:39:58,8.4,23.4,7.59,799,16,0
2167,05/23/21,04:40:58,8.4,23.4,7.59,800,16,0
2168,05/23/21,04:41:58,8.3,23.4,7.59,800,15,0
2169,05/23/21,04:42:58,8.3,23.5,7.59,799,16,0
2170,05/23/21,04:43:59,8.3,23.2,7.59,800,16,0
2171,05/23/21,04:44:58,8.3,23,7.59,797,16,0
2172,05/23/21,04:45:58,8.4,22.9,7.59,797,16,0
2173,05/23/21,04:46:59,8.3,23.1,7.59,798,15,0
2174,05/23/21,04:47:58,8.3,23.2,7.59,798,15,0
2175,05/23/21,04:48:58,8.4,23.3,7.59,800,16,0
2176,05/23/21,04:49:59,8.4,23.3,7.59,800,15,0
2177,05/23/21,04:50:59,8.4,23.4,7.59,800,15,0
2178,05/23/21,04:51:58,8.3,23.4,7.59,800,16,0
2179,05/23/21,04:52:59,8.4,23.4,7.59,800,16,0
2180,05/23/21,04:53:59,8.4,23.4,7.59,800,16,0
2181,05/23/21,04:54:58,8.4,23.5,7.59,800,16,0
2182,05/23/21,04:55:59,8.3,23.5,7.59,799,16,0
2183,05/23/21,04:56:59,8.3,23.2,7.59,798,15,0
2184,05/23/21,04:57:59,8.4,23,7.59,798,16,0
2185,05/23/21,04:58:59,8.4,22.9,7.59,797,15,0
2186,05/23/21,04:59:59,8.4,23.1,7.59,797,16,0
2187,05/23/21,05:00:59,8.4,23.2,7.59,798,16,0
2188,05/23/21,05:01:58,8.4,23.3,7.59,800,16,0
2189,05/23/21,05:02:59,8.4,23.4,7.59,800,16,0
2190,05/23/21,05:03:59,8.4,23.4,7.59,800,15,0
2191,05/23/21,05:04:59,8.3,23.4,7.59,799,15,0
2192,05/23/21,05:05:59,8.4,23.4,7.59,800,15,0
2193,05/23/21,05:06:59,8.4,23.4,7.59,800,15,0
2194,05/23/21,05:07:59,8.4,23.5,7.59,800,15,0
2195,05/23/21,05:08:59,8.3,23.4,7.59,800,16,0
2196,05/23/21,05:09:59,8.4,23.2,7.59,798,15,0
2197,05/23/21,05:10:59,8.3,23,7.59,797,16,0
2198,05/23/21,05:11:59,8.4,23,7.59,797,16,0
2199,05/23/21,05:12:59,8.4,23.2,7.59,797,15,0
